<?xml version="1.0" encoding="utf-8"?>
<manifest identifier="_6e0G74e0xWB_course_id" version="1.0" xmlns="http://www.imsproject.org/xsd/imscp_rootv1p1p2" xmlns:adlcp="http://www.adlnet.org/xsd/adlcp_rootv1p2" xmlns:xsi="http://www.w3.org/2001/XMLSchema-instance" xsi:schemaLocation="http://www.imsproject.org/xsd/imscp_rootv1p1p2 imscp_rootv1p1p2.xsd http://www.imsglobal.org/xsd/imsmd_rootv1p2p1 imsmd_rootv1p2p1.xsd http://www.adlnet.org/xsd/adlcp_rootv1p2 adlcp_rootv1p2.xsd">
  <metadata>
    <schema>ADL SCORM</schema>
    <schemaversion>1.2</schemaversion>
    <lom xmlns="http://www.imsglobal.org/xsd/imsmd_rootv1p2p1" xmlns:xsi="http://www.w3.org/2001/XMLSchema-instance" xsi:schemaLocation="http://www.imsglobal.org/xsd/imsmd_rootv1p2p1 imsmd_rootv1p2p1.xsd">
      <general>
        <title>
          <langstring xml:lang="x-none">On_tap_hoat_dong_3</langstring>
        </title>
      </general>
      <lifecycle>
        <version>
          <langstring xml:lang="x-none">1</langstring>
        </version>
        <status>
          <source>
            <langstring xml:lang="x-none">LOMv1.0</langstring>
          </source>
          <value>
            <langstring xml:lang="x-none">Final</langstring>
          </value>
        </status>
      </lifecycle>
      <metametadata>
        <metadatascheme>ADL SCORM 1.2</metadatascheme>
      </metametadata>
      <educational>
        <typicallearningtime>
          <datetime>PT0H0M0S</datetime>
        </typicallearningtime>
      </educational>
      <rights>
        <cost>
          <source>
            <langstring xml:lang="x-none">LOMv1.0</langstring>
          </source>
          <value>
            <langstring xml:lang="x-none">yes</langstring>
          </value>
        </cost>
        <copyrightandotherrestrictions>
          <source>
            <langstring xml:lang="x-none">LOMv1.0</langstring>
          </source>
          <value>
            <langstring xml:lang="x-none">yes</langstring>
          </value>
        </copyrightandotherrestrictions>
      </rights>
    </lom>
  </metadata>
  <organizations default="On_tap_hoat_dong_3_ORG">
    <organization identifier="On_tap_hoat_dong_3_ORG">
      <title>On_tap_hoat_dong_3</title>
      <item identifier="On_tap_hoat_dong_3_SCO" isvisible="true" identifierref="__6e0G74e0xWB_course_id_RES">
        <title>On_tap_hoat_dong_3</title>
      </item>
    </organization>
  </organizations>
  <resources>
    <resource identifier="__6e0G74e0xWB_course_id_RES" type="webcontent" href="index_lms.html" adlcp:scormtype="sco">
      <file href="story_content/thumbnail.jpg" />
      <file href="story_content/5heBhcMyhM1_80_DX148_DY148.swf" />
      <file href="mobile/5heBhcMyhM1_80_DX148_DY148_CX76_CY76.png" />
      <file href="story_content/5xmlF41JkaO_80_DX1440_DY1440.swf" />
      <file href="mobile/5xmlF41JkaO_80_DX1440_DY1440_CX1080_CY164.png" />
      <file href="story_content/6dSYZonym6g_80_DX410_DY410.swf" />
      <file href="mobile/6dSYZonym6g_80_DX410_DY410_CX307_CY171.png" />
      <file href="story_content/5jdiryrqGvv_80_DX1440_DY1440.swf" />
      <file href="mobile/5jdiryrqGvv_80_DX1440_DY1440_CX840_CY407.png" />
      <file href="story_content/64X9zkgu7Q3_80_DX946_DY946.swf" />
      <file href="mobile/64X9zkgu7Q3_80_DX946_DY946_CX709_CY144.png" />
      <file href="story_content/5jJ4vLiv9IW_80_DX126_DY126.swf" />
      <file href="mobile/5jJ4vLiv9IW_80_DX126_DY126_CX74_CY94.png" />
      <file href="story_content/65Pv3fFou2a_80_DX134_DY134.swf" />
      <file href="mobile/65Pv3fFou2a_80_DX134_DY134_CX100_CY100.png" />
      <file href="story_content/6TTF56eqevs_80_DX116_DY116.swf" />
      <file href="mobile/6TTF56eqevs_80_DX116_DY116_CX87_CY87.png" />
      <file href="story_content/6LOoYXQqLdn_80_DX162_DY162.swf" />
      <file href="mobile/6LOoYXQqLdn_80_DX162_DY162_CX121_CY121.png" />
      <file href="story_content/6genWXr5Sd7_80_DX754_DY754.swf" />
      <file href="mobile/6genWXr5Sd7_80_DX754_DY754_CX563_CY118.png" />
      <file href="story_content/6URYTulpFwj_80_DX134_DY134.swf" />
      <file href="mobile/6URYTulpFwj_80_DX134_DY134_CX100_CY97.png" />
      <file href="story_content/5nSAYYiShhH_80_DX234_DY234.swf" />
      <file href="mobile/5nSAYYiShhH_80_DX234_DY234_CX175_CY166.png" />
      <file href="story_content/5VaIOHX5gqm_80_DX190_DY190.swf" />
      <file href="mobile/5VaIOHX5gqm_80_DX190_DY190_CX142_CY142.png" />
      <file href="story_content/65sORnb9dLa_80_DX190_DY190.swf" />
      <file href="mobile/65sORnb9dLa_80_DX190_DY190_CX142_CY142.png" />
      <file href="story_content/6T354HL6R9J_80_DX234_DY234.swf" />
      <file href="mobile/6T354HL6R9J_80_DX234_DY234_CX175_CY166.png" />
      <file href="story_content/5k1C3OOdx2V_80_DX190_DY190.swf" />
      <file href="mobile/5k1C3OOdx2V_80_DX190_DY190_CX142_CY142.png" />
      <file href="story_content/5fSevAf0oE6_80_DX234_DY234.swf" />
      <file href="mobile/5fSevAf0oE6_80_DX234_DY234_CX175_CY166.png" />
      <file href="story_content/5WrDq50m8zT_80_DX190_DY190.swf" />
      <file href="mobile/5WrDq50m8zT_80_DX190_DY190_CX142_CY142.png" />
      <file href="story_content/69Fr777EQDr_80_DX234_DY234.swf" />
      <file href="mobile/69Fr777EQDr_80_DX234_DY234_CX175_CY166.png" />
      <file href="story_content/5utXN7f4216_80_DX190_DY190.swf" />
      <file href="mobile/5utXN7f4216_80_DX190_DY190_CX142_CY142.png" />
      <file href="story_content/6KpDkYicPDm_80_DX234_DY234.swf" />
      <file href="mobile/6KpDkYicPDm_80_DX234_DY234_CX175_CY166.png" />
      <file href="story_content/6Z0JFoVAtkS_80_DX190_DY190.swf" />
      <file href="mobile/6Z0JFoVAtkS_80_DX190_DY190_CX142_CY142.png" />
      <file href="story_content/6GUmp7WYKi3_80_DX234_DY234.swf" />
      <file href="mobile/6GUmp7WYKi3_80_DX234_DY234_CX175_CY166.png" />
      <file href="story_content/5j4DHccOQlc_80_DX190_DY190.swf" />
      <file href="mobile/5j4DHccOQlc_80_DX190_DY190_CX142_CY142.png" />
      <file href="story_content/6IgVVkxAM1j_80_DX234_DY234.swf" />
      <file href="mobile/6IgVVkxAM1j_80_DX234_DY234_CX175_CY166.png" />
      <file href="story_content/6KsUF65Jwp3_80_DX190_DY190.swf" />
      <file href="mobile/6KsUF65Jwp3_80_DX190_DY190_CX142_CY142.png" />
      <file href="mobile/65sORnb9dLa_80_DX190_DY190_CX75_CY75.png" />
      <file href="story_content/6alLy1aGsq8_80_DX140_DY140.swf" />
      <file href="mobile/6alLy1aGsq8_80_DX140_DY140_CX81_CY99.png" />
      <file href="story_content/6LHmNHi414n_80_DX408_DY408.swf" />
      <file href="mobile/6LHmNHi414n_80_DX408_DY408_CX297_CY281.gif" />
      <file href="story_content/5hqKOfzsa93_80_DX356_DY356.swf" />
      <file href="mobile/5hqKOfzsa93_80_DX356_DY356_CX243_CY266.gif" />
      <file href="story_content/Shape6Ft9zFzADHo.swf" />
      <file href="story_content/5iF7a3Ueq5B_80_DX382_DY382.swf" />
      <file href="mobile/5iF7a3Ueq5B_80_DX382_DY382_CX111_CY108.png" />
      <file href="meta.xml" />
      <file href="story_content/FontFactory.swf" />
      <file href="story_content/fonts.swf" />
      <file href="story_content/frame.xml" />
      <file href="story_content/frame.json" />
      <file href="story_content/user.js" />
      <file href="mobile/Shape6Ft9zFzADHo.png" />
      <file href="story.swf" />
      <file href="story_content/frame.swf" />
      <file href="story_content/slides/6C4aYOft6pM.swf" />
      <file href="story_content/slides/6rfXE4hN1JZ.swf" />
      <file href="story_content/slides/607urB3lnWS.swf" />
      <file href="story_content/data.swf" />
      <file href="html5/data/css/output.min.css" />
      <file href="html5/data/js/607urB3lnWS.js" />
      <file href="html5/data/js/6C4aYOft6pM.js" />
      <file href="html5/data/js/6rfXE4hN1JZ.js" />
      <file href="html5/data/js/data.js" />
      <file href="html5/data/js/frame.js" />
      <file href="html5/data/js/paths.js" />
      <file href="html5/lib/scripts/app.min.js" />
      <file href="html5/lib/stylesheets/main.min.css" />
      <file href="html5/lib/stylesheets/mobile-fonts/open-sans-bold.woff" />
      <file href="html5/lib/stylesheets/mobile-fonts/open-sans-light.woff" />
      <file href="html5/lib/stylesheets/mobile-fonts/open-sans-regular.woff" />
      <file href="story.html" />
      <file href="story_flash.html" />
      <file href="story_html5.html" />
      <file href="story_content/blank.html" />
      <file href="story_content/story.js" />
      <file href="index_lms.html" />
      <file href="index_lms_html5.html" />
      <file href="index_lms_flash.html" />
      <file href="lms/AICCComm.html" />
      <file href="lms/AICCFunctions.js" />
      <file href="lms/API.js" />
      <file href="lms/APIConstants.js" />
      <file href="lms/blank.html" />
      <file href="lms/browsersniff.js" />
      <file href="lms/Configuration.js" />
      <file href="lms/goodbye.html" />
      <file href="lms/lms.js" />
      <file href="lms/LMSAPI.js" />
      <file href="lms/NONEFunctions.js" />
      <file href="lms/SCORM2004Functions.js" />
      <file href="lms/SCORMFunctions.js" />
      <file href="lms/UtilityFunctions.js" />
    </resource>
  </resources>
</manifest>