﻿<?xml version="1.0" encoding="utf-8"?><meta xmlns:xsi="http://www.w3.org/2001/XMLSchema-instance" xmlns:xsd="http://www.w3.org/2001/XMLSchema"><project id="5yVmYqfhTwk" courseid="5eXN1eToKhL_course_id" thumburl="story_content/thumbnail.jpg" title="Kiem_tra_trac_nghiem_2" datepublished="2019-04-08T13:48:24" version="1.0.0.0" flashdata="story_content/data.swf" html5data="mobile/data.json" mobiledata="mobile/data.gz" enabledownload="true" duration="About 11 minutes" totalaudio="0" totalvideo="0"><description>Created by FasterCourse</description><keywords /><slidemeta moniker="slide" monikerplural="slides" viewslides="6" slidecountdescription="6 slides" /><author name="Ieva Novitus" email="" website="" /><application name="Articulate Storyline" version="3.2.13213.0" xmlversion="4.0" /></project></meta>