﻿<?xml version="1.0" encoding="utf-8"?>
<manifest identifier="_6EiCyjKPDSm_course_id" version="1.0" xmlns="http://www.imsproject.org/xsd/imscp_rootv1p1p2" xmlns:adlcp="http://www.adlnet.org/xsd/adlcp_rootv1p2" xmlns:xsi="http://www.w3.org/2001/XMLSchema-instance" xsi:schemaLocation="http://www.imsproject.org/xsd/imscp_rootv1p1p2 imscp_rootv1p1p2.xsd http://www.imsglobal.org/xsd/imsmd_rootv1p2p1 imsmd_rootv1p2p1.xsd http://www.adlnet.org/xsd/adlcp_rootv1p2 adlcp_rootv1p2.xsd">
  <metadata>
    <schema>ADL SCORM</schema>
    <schemaversion>1.2</schemaversion>
    <lom xmlns="http://www.imsglobal.org/xsd/imsmd_rootv1p2p1" xmlns:xsi="http://www.w3.org/2001/XMLSchema-instance" xsi:schemaLocation="http://www.imsglobal.org/xsd/imsmd_rootv1p2p1 imsmd_rootv1p2p1.xsd">
      <general>
        <title>
          <langstring xml:lang="x-none">cungnhauontap</langstring>
        </title>
      </general>
      <lifecycle>
        <version>
          <langstring xml:lang="x-none">1</langstring>
        </version>
        <status>
          <source>
            <langstring xml:lang="x-none">LOMv1.0</langstring>
          </source>
          <value>
            <langstring xml:lang="x-none">Final</langstring>
          </value>
        </status>
      </lifecycle>
      <metametadata>
        <metadatascheme>ADL SCORM 1.2</metadatascheme>
      </metametadata>
      <educational>
        <typicallearningtime>
          <datetime>PT0H0M0S</datetime>
        </typicallearningtime>
      </educational>
      <rights>
        <cost>
          <source>
            <langstring xml:lang="x-none">LOMv1.0</langstring>
          </source>
          <value>
            <langstring xml:lang="x-none">yes</langstring>
          </value>
        </cost>
        <copyrightandotherrestrictions>
          <source>
            <langstring xml:lang="x-none">LOMv1.0</langstring>
          </source>
          <value>
            <langstring xml:lang="x-none">yes</langstring>
          </value>
        </copyrightandotherrestrictions>
      </rights>
    </lom>
  </metadata>
  <organizations default="cungnhauontap_ORG">
    <organization identifier="cungnhauontap_ORG">
      <title>cungnhauontap</title>
      <item identifier="Football_by_DarrellG_SCO" isvisible="true" identifierref="__6EiCyjKPDSm_course_id_RES">
        <title>Football by DarrellG</title>
        <adlcp:masteryscore>90</adlcp:masteryscore>
      </item>
    </organization>
  </organizations>
  <resources>
    <resource identifier="__6EiCyjKPDSm_course_id_RES" type="webcontent" href="index_lms.html" adlcp:scormtype="sco">
      <file href="story_content/thumbnail.jpg" />
      <file href="story_content/5tJkrdrYnrt_DX1438_DY1438.jpg" />
      <file href="mobile/5tJkrdrYnrt_DX1438_DY1438_CX719_CY466.jpg" />
      <file href="story_content/video_5ZSrDPQNbg1_22_48_720x406.mp4" />
      <file href="mobile/video_5ZSrDPQNbg1_22_48_720x406.jpg" />
      <file href="story_content/5lSh6h0F2Rr_DX206_DY206.swf" />
      <file href="mobile/5lSh6h0F2Rr_DX206_DY206_CX133_CY54.png" />
      <file href="story_content/video_5aOUIMPwsKV_22_48_720x406.mp4" />
      <file href="mobile/video_5aOUIMPwsKV_22_48_720x406.jpg" />
      <file href="story_content/61VuvDiLPlM_DX424_DY424.swf" />
      <file href="mobile/61VuvDiLPlM_DX424_DY424_CX318_CY273.png" />
      <file href="story_content/5lSh6h0F2Rr_DX208_DY208.swf" />
      <file href="mobile/5lSh6h0F2Rr_DX208_DY208_CX155_CY63.png" />
      <file href="story_content/6PfzEVRq5xC_DX936_DY936.swf" />
      <file href="mobile/6PfzEVRq5xC_DX936_DY936_CX468_CY222.png" />
      <file href="story_content/5vA9D8u3BDc_DX494_DY494.swf" />
      <file href="mobile/5vA9D8u3BDc_DX494_DY494_CX370_CY370.png" />
      <file href="story_content/6ayA5iwwegz_P_0_0_264_34_DX586_DY586.swf" />
      <file href="mobile/6ayA5iwwegz_P_0_0_264_34_DX586_DY586_CX265_CY34.png" />
      <file href="meta.xml" />
      <file href="story_content/FontFactory.swf" />
      <file href="story_content/fonts.swf" />
      <file href="story_content/frame.xml" />
      <file href="story_content/frame.json" />
      <file href="story_content/user.js" />
      <file href="story.swf" />
      <file href="story_content/frame.swf" />
      <file href="story_content/slides/5wOCxCa5M82.swf" />
      <file href="story_content/slides/658TTingR5l.swf" />
      <file href="story_content/slides/6XNmUMuk4j5.swf" />
      <file href="story_content/slides/6k2rAgu9O4Q.swf" />
      <file href="story_content/slides/5fsHPGtYrGe.swf" />
      <file href="story_content/slides/6YkJd3Vnqtk.swf" />
      <file href="story_content/slides/69yiaFyUtC8.swf" />
      <file href="story_content/slides/5wPDOB9au7H.swf" />
      <file href="story_content/slides/6j78qq6zcH7.swf" />
      <file href="story_content/slides/61PfrMSjLXZ.swf" />
      <file href="story_content/data.swf" />
      <file href="html5/data/css/output.min.css" />
      <file href="html5/data/js/5fsHPGtYrGe.js" />
      <file href="html5/data/js/5wOCxCa5M82.js" />
      <file href="html5/data/js/5wPDOB9au7H.js" />
      <file href="html5/data/js/61PfrMSjLXZ.js" />
      <file href="html5/data/js/658TTingR5l.js" />
      <file href="html5/data/js/69yiaFyUtC8.js" />
      <file href="html5/data/js/6j78qq6zcH7.js" />
      <file href="html5/data/js/6k2rAgu9O4Q.js" />
      <file href="html5/data/js/6XNmUMuk4j5.js" />
      <file href="html5/data/js/6YkJd3Vnqtk.js" />
      <file href="html5/data/js/data.js" />
      <file href="html5/data/js/frame.js" />
      <file href="html5/data/js/paths.js" />
      <file href="html5/lib/scripts/app.min.js" />
      <file href="html5/lib/stylesheets/main.min.css" />
      <file href="html5/lib/stylesheets/mobile-fonts/open-sans-bold.woff" />
      <file href="html5/lib/stylesheets/mobile-fonts/open-sans-light.woff" />
      <file href="html5/lib/stylesheets/mobile-fonts/open-sans-regular.woff" />
      <file href="story.html" />
      <file href="story_flash.html" />
      <file href="story_html5.html" />
      <file href="story_content/blank.html" />
      <file href="story_content/story.js" />
      <file href="index_lms.html" />
      <file href="index_lms_html5.html" />
      <file href="index_lms_flash.html" />
      <file href="lms/AICCComm.html" />
      <file href="lms/AICCFunctions.js" />
      <file href="lms/API.js" />
      <file href="lms/APIConstants.js" />
      <file href="lms/blank.html" />
      <file href="lms/browsersniff.js" />
      <file href="lms/Configuration.js" />
      <file href="lms/goodbye.html" />
      <file href="lms/lms.js" />
      <file href="lms/LMSAPI.js" />
      <file href="lms/NONEFunctions.js" />
      <file href="lms/SCORM2004Functions.js" />
      <file href="lms/SCORMFunctions.js" />
      <file href="lms/UtilityFunctions.js" />
    </resource>
  </resources>
</manifest>