﻿<?xml version="1.0" encoding="utf-8"?>
<manifest identifier="_6VBvG8VnzlK_course_id" version="1.0" xmlns="http://www.imsproject.org/xsd/imscp_rootv1p1p2" xmlns:adlcp="http://www.adlnet.org/xsd/adlcp_rootv1p2" xmlns:xsi="http://www.w3.org/2001/XMLSchema-instance" xsi:schemaLocation="http://www.imsproject.org/xsd/imscp_rootv1p1p2 imscp_rootv1p1p2.xsd http://www.imsglobal.org/xsd/imsmd_rootv1p2p1 imsmd_rootv1p2p1.xsd http://www.adlnet.org/xsd/adlcp_rootv1p2 adlcp_rootv1p2.xsd">
  <metadata>
    <schema>ADL SCORM</schema>
    <schemaversion>1.2</schemaversion>
    <lom xmlns="http://www.imsglobal.org/xsd/imsmd_rootv1p2p1" xmlns:xsi="http://www.w3.org/2001/XMLSchema-instance" xsi:schemaLocation="http://www.imsglobal.org/xsd/imsmd_rootv1p2p1 imsmd_rootv1p2p1.xsd">
      <general>
        <title>
          <langstring xml:lang="x-none">1</langstring>
        </title>
      </general>
      <lifecycle>
        <version>
          <langstring xml:lang="x-none">1</langstring>
        </version>
        <status>
          <source>
            <langstring xml:lang="x-none">LOMv1.0</langstring>
          </source>
          <value>
            <langstring xml:lang="x-none">Final</langstring>
          </value>
        </status>
      </lifecycle>
      <metametadata>
        <metadatascheme>ADL SCORM 1.2</metadatascheme>
      </metametadata>
      <educational>
        <typicallearningtime>
          <datetime>PT0H0M0S</datetime>
        </typicallearningtime>
      </educational>
      <rights>
        <cost>
          <source>
            <langstring xml:lang="x-none">LOMv1.0</langstring>
          </source>
          <value>
            <langstring xml:lang="x-none">yes</langstring>
          </value>
        </cost>
        <copyrightandotherrestrictions>
          <source>
            <langstring xml:lang="x-none">LOMv1.0</langstring>
          </source>
          <value>
            <langstring xml:lang="x-none">yes</langstring>
          </value>
        </copyrightandotherrestrictions>
      </rights>
    </lom>
  </metadata>
  <organizations default="1_ORG">
    <organization identifier="1_ORG">
      <title>1</title>
      <item identifier="Quiz_Template_SCO" isvisible="true" identifierref="__6VBvG8VnzlK_course_id_RES">
        <title>1</title>
        <adlcp:masteryscore>80</adlcp:masteryscore>
      </item>
    </organization>
  </organizations>
  <resources>
    <resource identifier="__6VBvG8VnzlK_course_id_RES" type="webcontent" href="index_lms.html" adlcp:scormtype="sco">
      <file href="story_content/thumbnail.jpg" />
      <file href="story_content/6USYB4SRCYj_90_DX826_DY826.swf" />
      <file href="mobile/6USYB4SRCYj_90_DX826_DY826_CX399_CY619.png" />
      <file href="mobile/6USYB4SRCYj_90_DX826_DY826_CX399_CY619.swf" />
      <file href="meta.xml" />
      <file href="story_content/FontFactory.swf" />
      <file href="story_content/fonts.swf" />
      <file href="story_content/fonts.xml" />
      <file href="story_content/frame.xml" />
      <file href="story_content/frame.json" />
      <file href="story_content/user.js" />
      <file href="mobile/app_store.png" />
      <file href="mobile/mobile_icon.png" />
      <file href="mobile/linen_background.jpg" />
      <file href="story.swf" />
      <file href="story_content/frame.swf" />
      <file href="story_content/slides/6nWLRERIPZ3.swf" />
      <file href="mobile/slides/6nWLRERIPZ3.gz" />
      <file href="story_content/slides/6hPur3smZER.swf" />
      <file href="mobile/slides/6hPur3smZER.gz" />
      <file href="story_content/slides/6IVGAlumfCg.swf" />
      <file href="mobile/slides/6IVGAlumfCg.gz" />
      <file href="story_content/slides/6MrvfvUKyMw.swf" />
      <file href="mobile/slides/6MrvfvUKyMw.gz" />
      <file href="story_content/data.swf" />
      <file href="mobile/data.gz" />
      <file href="html5/data/css/output.min.css" />
      <file href="html5/data/js/6hPur3smZER.js" />
      <file href="html5/data/js/6IVGAlumfCg.js" />
      <file href="html5/data/js/6MrvfvUKyMw.js" />
      <file href="html5/data/js/6nWLRERIPZ3.js" />
      <file href="html5/data/js/data.js" />
      <file href="html5/data/js/frame.js" />
      <file href="html5/data/js/paths.js" />
      <file href="html5/lib/scripts/app.min.js" />
      <file href="html5/lib/stylesheets/main.min.css" />
      <file href="html5/lib/stylesheets/mobile-fonts/open-sans-bold.woff" />
      <file href="html5/lib/stylesheets/mobile-fonts/open-sans-light.woff" />
      <file href="html5/lib/stylesheets/mobile-fonts/open-sans-regular.woff" />
      <file href="story.html" />
      <file href="story_flash.html" />
      <file href="story_html5.html" />
      <file href="story_content/blank.html" />
      <file href="story_content/story.js" />
      <file href="amplaunch.html" />
      <file href="mobile/mobileinstall.html" />
      <file href="index_lms.html" />
      <file href="index_lms_html5.html" />
      <file href="index_lms_flash.html" />
      <file href="lms/AICCComm.html" />
      <file href="lms/AICCFunctions.js" />
      <file href="lms/API.js" />
      <file href="lms/APIConstants.js" />
      <file href="lms/blank.html" />
      <file href="lms/browsersniff.js" />
      <file href="lms/Configuration.js" />
      <file href="lms/goodbye.html" />
      <file href="lms/lms.js" />
      <file href="lms/LMSAPI.js" />
      <file href="lms/NONEFunctions.js" />
      <file href="lms/SCORM2004Functions.js" />
      <file href="lms/SCORMFunctions.js" />
      <file href="lms/UtilityFunctions.js" />
    </resource>
  </resources>
</manifest>