<?xml version="1.0" encoding="utf-8"?>
<manifest identifier="_670bp2Pgg3q_course_id" version="1.0" xmlns="http://www.imsproject.org/xsd/imscp_rootv1p1p2" xmlns:adlcp="http://www.adlnet.org/xsd/adlcp_rootv1p2" xmlns:xsi="http://www.w3.org/2001/XMLSchema-instance" xsi:schemaLocation="http://www.imsproject.org/xsd/imscp_rootv1p1p2 imscp_rootv1p1p2.xsd http://www.imsglobal.org/xsd/imsmd_rootv1p2p1 imsmd_rootv1p2p1.xsd http://www.adlnet.org/xsd/adlcp_rootv1p2 adlcp_rootv1p2.xsd">
  <metadata>
    <schema>ADL SCORM</schema>
    <schemaversion>1.2</schemaversion>
    <lom xmlns="http://www.imsglobal.org/xsd/imsmd_rootv1p2p1" xmlns:xsi="http://www.w3.org/2001/XMLSchema-instance" xsi:schemaLocation="http://www.imsglobal.org/xsd/imsmd_rootv1p2p1 imsmd_rootv1p2p1.xsd">
      <general>
        <title>
          <langstring xml:lang="x-none">On_tap_hoat_dong_1_2</langstring>
        </title>
        <description>
          <langstring xml:lang="x-none">Created by FasterCourse</langstring>
        </description>
      </general>
      <lifecycle>
        <version>
          <langstring xml:lang="x-none">1</langstring>
        </version>
        <status>
          <source>
            <langstring xml:lang="x-none">LOMv1.0</langstring>
          </source>
          <value>
            <langstring xml:lang="x-none">Final</langstring>
          </value>
        </status>
      </lifecycle>
      <metametadata>
        <metadatascheme>ADL SCORM 1.2</metadatascheme>
      </metametadata>
      <educational>
        <typicallearningtime>
          <datetime>PT0H0M0S</datetime>
        </typicallearningtime>
      </educational>
      <rights>
        <cost>
          <source>
            <langstring xml:lang="x-none">LOMv1.0</langstring>
          </source>
          <value>
            <langstring xml:lang="x-none">yes</langstring>
          </value>
        </cost>
        <copyrightandotherrestrictions>
          <source>
            <langstring xml:lang="x-none">LOMv1.0</langstring>
          </source>
          <value>
            <langstring xml:lang="x-none">yes</langstring>
          </value>
        </copyrightandotherrestrictions>
      </rights>
    </lom>
  </metadata>
  <organizations default="On_tap_hoat_dong_1_2_ORG">
    <organization identifier="On_tap_hoat_dong_1_2_ORG">
      <title>On_tap_hoat_dong_1_2</title>
      <item identifier="challenge_achievements_SCO" isvisible="true" identifierref="__670bp2Pgg3q_course_id_RES">
        <title>On_tap_hoat_dong_1_2</title>
        <adlcp:masteryscore>10</adlcp:masteryscore>
      </item>
    </organization>
  </organizations>
  <resources>
    <resource identifier="__670bp2Pgg3q_course_id_RES" type="webcontent" href="index_lms.html" adlcp:scormtype="sco">
      <file href="story_content/thumbnail.jpg" />
      <file href="story_content/5csT3S4cDfs_DX1440_DY1440.swf" />
      <file href="mobile/5csT3S4cDfs_DX1440_DY1440_CX1000_CY562.png" />
      <file href="mobile/5csT3S4cDfs_DX1440_DY1440_CX1000_CY562.swf" />
      <file href="story_content/5vsDBZ2fUXO_DX1440_DY1440.swf" />
      <file href="mobile/5vsDBZ2fUXO_DX1440_DY1440_CX1000_CY562.png" />
      <file href="mobile/5vsDBZ2fUXO_DX1440_DY1440_CX1000_CY562.swf" />
      <file href="story_content/6cNzRMLPrKo_DX172_DY172.swf" />
      <file href="mobile/6cNzRMLPrKo_DX172_DY172_CX75_CY100.png" />
      <file href="mobile/6cNzRMLPrKo_DX172_DY172_CX75_CY100.swf" />
      <file href="story_content/6oKhX4pm2kl_DX346_DY346.swf" />
      <file href="mobile/6oKhX4pm2kl_DX346_DY346_CX73_CY190.png" />
      <file href="mobile/6oKhX4pm2kl_DX346_DY346_CX73_CY190.swf" />
      <file href="story_content/6ma0roWgxWp_DX120_DY120.swf" />
      <file href="mobile/6ma0roWgxWp_DX120_DY120_CX80_CY90.png" />
      <file href="mobile/6ma0roWgxWp_DX120_DY120_CX80_CY90.swf" />
      <file href="story_content/6ZGwWgCI1Wl_DX120_DY120.swf" />
      <file href="mobile/6ZGwWgCI1Wl_DX120_DY120_CX80_CY90.png" />
      <file href="mobile/6ZGwWgCI1Wl_DX120_DY120_CX80_CY90.swf" />
      <file href="story_content/6BVHrBCRQVj_DX120_DY120.swf" />
      <file href="mobile/6BVHrBCRQVj_DX120_DY120_CX80_CY90.png" />
      <file href="mobile/6BVHrBCRQVj_DX120_DY120_CX80_CY90.swf" />
      <file href="story_content/6iC5Fm1C6Rn_DX522_DY522.swf" />
      <file href="mobile/6iC5Fm1C6Rn_DX522_DY522_CX139_CY362.png" />
      <file href="mobile/6iC5Fm1C6Rn_DX522_DY522_CX139_CY362.swf" />
      <file href="story_content/5eGdlDQyhZH_DX582_DY582.swf" />
      <file href="mobile/5eGdlDQyhZH_DX582_DY582_CX208_CY404.png" />
      <file href="mobile/5eGdlDQyhZH_DX582_DY582_CX208_CY404.swf" />
      <file href="story_content/6Ydk03mDenO_DX34_DY34.swf" />
      <file href="mobile/6Ydk03mDenO_DX34_DY34_CX24_CY24.png" />
      <file href="mobile/6Ydk03mDenO_DX34_DY34_CX24_CY24.swf" />
      <file href="story_content/5nzLE7YZiwN_DX34_DY34.swf" />
      <file href="mobile/5nzLE7YZiwN_DX34_DY34_CX24_CY24.png" />
      <file href="mobile/5nzLE7YZiwN_DX34_DY34_CX24_CY24.swf" />
      <file href="story_content/6iWGoYWzHIo_DX468_DY468.swf" />
      <file href="mobile/6iWGoYWzHIo_DX468_DY468_CX325_CY317.png" />
      <file href="mobile/6iWGoYWzHIo_DX468_DY468_CX325_CY317.swf" />
      <file href="story_content/5iPznFezhTc_DX1440_DY1440.swf" />
      <file href="mobile/5iPznFezhTc_DX1440_DY1440_CX1000_CY562.png" />
      <file href="mobile/5iPznFezhTc_DX1440_DY1440_CX1000_CY562.swf" />
      <file href="story_content/61RqzJf4dUK_DX630_DY630.swf" />
      <file href="mobile/61RqzJf4dUK_DX630_DY630_CX207_CY438.png" />
      <file href="mobile/61RqzJf4dUK_DX630_DY630_CX207_CY438.swf" />
      <file href="story_content/6h6xMtl9wIq_DX630_DY630.swf" />
      <file href="mobile/6h6xMtl9wIq_DX630_DY630_CX207_CY438.png" />
      <file href="mobile/6h6xMtl9wIq_DX630_DY630_CX207_CY438.swf" />
      <file href="story_content/6ATrVBXSZJw_DX520_DY520.swf" />
      <file href="mobile/6ATrVBXSZJw_DX520_DY520_CX326_CY361.png" />
      <file href="mobile/6ATrVBXSZJw_DX520_DY520_CX326_CY361.swf" />
      <file href="story_content/5gPt2SS74D2_DX538_DY538.swf" />
      <file href="mobile/5gPt2SS74D2_DX538_DY538_CX374_CY204.png" />
      <file href="mobile/5gPt2SS74D2_DX538_DY538_CX374_CY204.swf" />
      <file href="story_content/6Oz5kwyoI7P_DX520_DY520.swf" />
      <file href="mobile/6Oz5kwyoI7P_DX520_DY520_CX305_CY361.png" />
      <file href="mobile/6Oz5kwyoI7P_DX520_DY520_CX305_CY361.swf" />
      <file href="story_content/6gvpnXFnkM1_DX542_DY542.swf" />
      <file href="mobile/6gvpnXFnkM1_DX542_DY542_CX376_CY276.png" />
      <file href="mobile/6gvpnXFnkM1_DX542_DY542_CX376_CY276.swf" />
      <file href="story_content/6Euzx5zAV20_DX1440_DY1440.swf" />
      <file href="mobile/6Euzx5zAV20_DX1440_DY1440_CX1000_CY562.png" />
      <file href="mobile/6Euzx5zAV20_DX1440_DY1440_CX1000_CY562.swf" />
      <file href="story_content/5nAJoMvuoYO_DX512_DY512.swf" />
      <file href="mobile/5nAJoMvuoYO_DX512_DY512_CX142_CY363.png" />
      <file href="mobile/5nAJoMvuoYO_DX512_DY512_CX142_CY363.swf" />
      <file href="story_content/5Z4SqpYuRhq_DX512_DY512.swf" />
      <file href="mobile/5Z4SqpYuRhq_DX512_DY512_CX142_CY363.png" />
      <file href="mobile/5Z4SqpYuRhq_DX512_DY512_CX142_CY363.swf" />
      <file href="story_content/6Bp89dKuWtZ_DX512_DY512.swf" />
      <file href="mobile/6Bp89dKuWtZ_DX512_DY512_CX142_CY363.png" />
      <file href="mobile/6Bp89dKuWtZ_DX512_DY512_CX142_CY363.swf" />
      <file href="story_content/5WHqOLkcGfb_DX234_DY234.swf" />
      <file href="mobile/5WHqOLkcGfb_DX234_DY234_CX122_CY162.png" />
      <file href="mobile/5WHqOLkcGfb_DX234_DY234_CX122_CY162.swf" />
      <file href="meta.xml" />
      <file href="story_content/FontFactory.swf" />
      <file href="story_content/fonts.swf" />
      <file href="story_content/fonts.xml" />
      <file href="story_content/frame.xml" />
      <file href="story_content/frame.json" />
      <file href="story_content/user.js" />
      <file href="mobile/app_store.png" />
      <file href="mobile/mobile_icon.png" />
      <file href="mobile/linen_background.jpg" />
      <file href="story.swf" />
      <file href="story_content/frame.swf" />
      <file href="story_content/slides/6XdU13K4SzG.swf" />
      <file href="mobile/slides/6XdU13K4SzG.gz" />
      <file href="story_content/slides/5ZKmqbGhBFK.swf" />
      <file href="mobile/slides/5ZKmqbGhBFK.gz" />
      <file href="story_content/slides/6ngcuttp8RO.swf" />
      <file href="mobile/slides/6ngcuttp8RO.gz" />
      <file href="story_content/slides/5mlAlwnywE1.swf" />
      <file href="mobile/slides/5mlAlwnywE1.gz" />
      <file href="story_content/slides/6d9kyDNEhCa.swf" />
      <file href="mobile/slides/6d9kyDNEhCa.gz" />
      <file href="story_content/slides/6Rpfx8pW5Hw.swf" />
      <file href="mobile/slides/6Rpfx8pW5Hw.gz" />
      <file href="story_content/slides/6hW9eqGyUq3.swf" />
      <file href="mobile/slides/6hW9eqGyUq3.gz" />
      <file href="story_content/slides/6ePI7AG076w.swf" />
      <file href="mobile/slides/6ePI7AG076w.gz" />
      <file href="story_content/slides/5zXx91v1Ro2.swf" />
      <file href="mobile/slides/5zXx91v1Ro2.gz" />
      <file href="story_content/slides/6g3hJcJ12Za.swf" />
      <file href="mobile/slides/6g3hJcJ12Za.gz" />
      <file href="story_content/data.swf" />
      <file href="mobile/data.gz" />
      <file href="html5/data/css/output.min.css" />
      <file href="html5/data/js/5mlAlwnywE1.js" />
      <file href="html5/data/js/5ZKmqbGhBFK.js" />
      <file href="html5/data/js/5zXx91v1Ro2.js" />
      <file href="html5/data/js/6d9kyDNEhCa.js" />
      <file href="html5/data/js/6ePI7AG076w.js" />
      <file href="html5/data/js/6g3hJcJ12Za.js" />
      <file href="html5/data/js/6hW9eqGyUq3.js" />
      <file href="html5/data/js/6ngcuttp8RO.js" />
      <file href="html5/data/js/6Rpfx8pW5Hw.js" />
      <file href="html5/data/js/6XdU13K4SzG.js" />
      <file href="html5/data/js/data.js" />
      <file href="html5/data/js/frame.js" />
      <file href="html5/data/js/paths.js" />
      <file href="html5/lib/scripts/app.min.js" />
      <file href="html5/lib/stylesheets/main.min.css" />
      <file href="html5/lib/stylesheets/mobile-fonts/open-sans-bold.woff" />
      <file href="html5/lib/stylesheets/mobile-fonts/open-sans-light.woff" />
      <file href="html5/lib/stylesheets/mobile-fonts/open-sans-regular.woff" />
      <file href="story.html" />
      <file href="story_flash.html" />
      <file href="story_html5.html" />
      <file href="story_content/blank.html" />
      <file href="story_content/story.js" />
      <file href="amplaunch.html" />
      <file href="mobile/mobileinstall.html" />
      <file href="index_lms.html" />
      <file href="index_lms_html5.html" />
      <file href="index_lms_flash.html" />
      <file href="lms/AICCComm.html" />
      <file href="lms/AICCFunctions.js" />
      <file href="lms/API.js" />
      <file href="lms/APIConstants.js" />
      <file href="lms/blank.html" />
      <file href="lms/browsersniff.js" />
      <file href="lms/Configuration.js" />
      <file href="lms/goodbye.html" />
      <file href="lms/lms.js" />
      <file href="lms/LMSAPI.js" />
      <file href="lms/NONEFunctions.js" />
      <file href="lms/SCORM2004Functions.js" />
      <file href="lms/SCORMFunctions.js" />
      <file href="lms/UtilityFunctions.js" />
    </resource>
  </resources>
</manifest>