﻿<?xml version="1.0" encoding="utf-8"?><meta xmlns:xsi="http://www.w3.org/2001/XMLSchema-instance" xmlns:xsd="http://www.w3.org/2001/XMLSchema"><project id="6NxtoTyrnJX" courseid="670bp2Pgg3q_course_id" thumburl="story_content/thumbnail.jpg" title="On_tap_hoat_dong_1_2" datepublished="2019-04-08T13:53:40" version="1.0.0.0" flashdata="story_content/data.swf" html5data="mobile/data.json" mobiledata="mobile/data.gz" enabledownload="true" duration="About 2 minutes" totalaudio="0" totalvideo="0"><description>Created by FasterCourse</description><keywords /><slidemeta moniker="slide" monikerplural="slides" viewslides="10" slidecountdescription="10 slides" /><author name="Ieva Novitus" email="" website="" /><application name="Articulate Storyline" version="3.2.13213.0" xmlversion="4.0" /></project></meta>