﻿<?xml version="1.0" encoding="utf-8"?><bwFonts xmlns:xsi="http://www.w3.org/2001/XMLSchema-instance" xmlns:xsd="http://www.w3.org/2001/XMLSchema" fontfactoryurl="story_content/FontFactory.swf"><font id="00" name="Open SansBold Charset1_ 5wwexHioePr"><glyphs><g i="0" c="384" charCode="89" p="%^ODvlwH9eBL9eGF3pGF$vWB$vWBap$v9e5A9e" /><g i="1" c="385" charCode="111" p="#^WA9pWAbrABesfCgtLDgtfFgtUFesyGcryG9pyG7nUF6meF5lKD5leC5lAB6mWA6nWA9p^mK9pmKusBInuRGfwIDfwKBfweAovKyxuWxWs7xir7x9p7xPlSyYjCA5iND5iLF5ifHYiLIOjyJplmK$mmK9p" /><g i="2" c="386" charCode="117" p="#^DH$v%7Hgu%XGgukGdveFKv8EfwKCfwkAfw5zZuTxGtTxfr%Txmi%CBmi%CBkqCBPr7CysFChtODhtnFht3GesMGbrMGNo%MGmi%uKmi%uK$v" /><g i="3" c="387" charCode="32" p="#" /><g i="4" c="388" charCode="109" p="#^aK$v%sG$v%sG1osGzmYFQlsF4loE4lZC4ljC7mGBanGBAp%GB$v%Yx$v%Yxmi%OAmi%iB5k%vB5k3C9j5DDi7E5itF5ixI5iDJ5k%YJ5kvK8jzLDiEM5i_N5iiQ5iuRhjGStkGS5n%GS$v%XO$v%XO1oXOzmrOQlYN4lUM4lxL4lRK3maK1naK9p" /><g i="5" c="389" charCode="115" p="#^tHYrtH2u$F9vyEfwFBfw9Afw6z2w3yRv8xsv%8xosbyTsuzctNAxtMBxtODxtODmsODWrxDFrgDnrBC1rXBGqRAcqgzypxy_oOxqosxIn7xZm7xVl7x5kxy5jXz5ixC5i$E5ikHaj%cGSlaFqlhE8loDSktCSkQASkQALlQAfmmBDmUB_mGDInhFmo0GWoMGtp6HcqtHXqtHYr" /><g i="6" c="390" charCode="116" p="#^IDhtHEht2GSs%2GDvFEfwDCfwoAfwnz7vmy$tmyKr%my9l%Aw9l%AwAj%Dyki%Izsf%4Csf%4Cmi%VFmi%VF9l%4C9l%4CKr4CxswCVsZChtIDht" /><g i="7" c="391" charCode="99" p="#^vDfw7xfw7xfp7xMlSyXjBA5iQD5icG5i4I0j%_GVl5GylkFklAE5lQD5lWA5lWAdpWAetQDetVEetPFYsKGFsFH2s%FHevLGPvQF1wVEfwvDfw" /><g i="8" c="392" charCode="112" p="#^sFfw2DfwGBvu%uBvuGBcwGBuw%GB$B%Yx$B%Yxmi%_Ami%vB7k%GB7k_C5iyF5iZH5ikJZjIKQlIK9pIKlr3KYsqJzueIpv2HfwsFfw^mE4lZC4lkCXlIBNmGBKo%GB7pGBkrkChs_CetpEetVGetVG6pVG5nhG5mGF4lmE4l" /><g i="9" c="393" charCode="108" p="%^GB$vYx$vYx$cGB$c" /><g i="10" c="394" charCode="101" p="#^CDLkqCLkLBvl4Bfm_ADn%cGDnaGfmtFvlNELkCDLk^7EfwQAfwZyru7xCs7xhp7xRlQyZjyA5iAD5itG5i4ILjHJolHJio%HJ6q%UA6qYAIrQBBsJCutiEutxFutDGetKHZsWIps%WIhvYHNvQG0wJFfw7Efw" /><g i="11" c="395" charCode="104" p="#^zK$v%QG$v%QG1oQG4lEE4l3D4lmC8mGBcnGBAp%GB$v%Yx$v%Yx$c%GB$c%GBTgGBkhBB$i%vB5k%IB5kYC5iFF5i3I5ijJojzKHkzK5n" /><g i="12" c="396" charCode="113" p="#^CDkt1FktHFwslGIrpGGp%pGdppG1nJF4m2F7lyD7lWA7lWAfpWAirABjseCktCDkt^hCfwSzfwuyou7xxs7xcp7xSlwy_jWz5imC5iED5iCEBiAF4jjG5k%pG5k%KGmi%UJmi%UJ$B%9G$B%9Ghw9GxvjGeu%9GeuyFdvzEKvADfwhCfw" /><g i="13" c="397" charCode="105" p="#^OxQeOx$cQz$cRB$cRBQeRBHfkBagQAFgQzFgOxFgOxQe^GB$v%Yx$v%Yxmi%GBmi" /><g i="14" c="398" charCode="110" p="#^zK$v%QG$v%QG1oQGzmiGQlNF4lEE4l3D4lmC7mGBanGBAp%GB$v%Yx$v%Yxmi%OAmi%iB5k%vB5k7C6jdDCijE5iIF5i5I5ikJojzKGkzK5n" /><g i="15" c="399" charCode="98" p="#^yF5iZH5ikJ_jIKTlIK9pIKxshJouTHfwsFfw2DfwGBvu%qBvu%OA$v%Yx$v%Yx$c%GB$c%GBqhGBgixB7k%GB7k_C5iyF5i^mE4lZC4lkCXlIBNmGBKo%GB7pGBkrkChs_CetpEetyFetdGbsVG7rVG6pVG5ndG5myF4lmE4l" /><g i="16" c="400" charCode="57344" p="#^vF9l%hC9l%hC$v%yy$v%yy9l%vw9l%vwmj%yymi%yymhyy1fHzYdRATcnDTcjFTcPGsd%SFbgKEQfNDQf_CQfDCighCMghCvh%hCmi%vFmi" /><g i="17" c="401" charCode="114" p="#^AF5ikG5iQGci%yGHl5GAlsFAlGDAlGCvmGBpnGB2p%GB$v%Yx$v%Yxmi%MAmi%kBEk%vBEk8CvjdDOiiE5iAF5i" /><g i="18" c="403" charCode="103" p="#^QJli%QJek%IHNkhIIlhIRmhI2pLGhqdFvrvCvr%QBtr%hBprIARrIAnsIAbtLCbt%4FbtjHbtuI9uGJ6vGJZwGJmzGHGAHF$BYB$B5z$BAx$A4w0A4wdy4w_wRw9wCxkv5zZuxyKu5ybuGxDtGx$sGxds7yIrAybrrzHqmydqJxcp5xao5xMm5xxkyyjj$z5iIC5ihD5i3EciREii4Fli^izXxizIy1A8zMAAz6CAz6EAzeF1znGuynGxxnGLwIFsw1FawDDaw%IBawGAaw_zFwiz8xizXx^FAQmFAXn9BBoGBepICepLDepeEBoKEXnKEQmKEmkICmkFAmkFAQm" /><g i="19" c="404" charCode="46" p="#^qxfuqxdtZxIsxyasAzasBAas8BJsIBftIBfuIBdv8BNvAAkwAzkwyykw_xNvqxevqxfu" /><g i="20" c="405" charCode="69" p="%^wI$vfy$vfy9ewI9ewIfh1Cfh1Cal4Ial4Igo1Cgo1CTswITs" /><g i="21" c="406" charCode="121" p="#^$vmi%4Ami%FC1q_C1r6Dps%aDpsjD8rID1q%eGmi%dKmi%sELxFDTzbCXAJA$BLy$BNx$BSwOB%SwRyxx$yjy$yjz$y2AoyNAOxcBAw%qBVv" /><g i="22" c="407" charCode="97" p="#^CG$v%UF9u%OF9uSElvSDOvTCfwgBfwjzfway7v2x$t2xXr2xMpzyKo5AIn9DBn%wFwn%wFWmwFRkoDRkMBRkyzQl%jyjjGA4iyD4ihG4iLHhjdJtkdJVm%dJ$v^wFHp%4EKpsCNpFBkqTASqTAYrTAxtGCxtZDxtKEOswF2swFPq" /><g i="23" c="408" charCode="57345" p="#^vF9l%hC9l%hC$v%yy$v%yy9l%vw9l%vwmj%yymi%yymhyy1fHzYdRATcnDTcjFTcPGsd%SFbgKEQfNDQf_CQfDCighCMghCvh%hCmi%vFmi^uHQeuH$cwJ$cxL$cxLQexLHf0LagwKFgwJFguHFguHQe^mL$v%EH$v%EHmi%mLmi" /><g i="24" c="409" charCode="100" p="#^hCfwTzfwvyou7xws7xcp7xRlwyZjWz5inC5iYE5ijG5k%rG5k9Gzi9Gnh%9G$c%UJ$c%UJ$v%1H$v%jGeu%9GeuTEfwhCfw^ADht0FhtGFsslGDrpGDp%pGeppG1nJF4m2F7lwD7lhC7lABbmUAenUAfpUAgrABhshChtADht" /><g i="25" c="410" charCode="119" p="%^aJ$v7IerIGclDGcl7E$v7A$vfwmiYzmixBpo#VB0qiCTsnCTs#qCYrOCXp$CVoHEmiNImioKVo#rKapxKIp#EKdqKKPq#RKprWKZr#$Kxs0LTs4LTs#bL$rtLtq#LLXoTLpowNmi9RmieN$v" /><g i="26" c="411" charCode="58" p="#^qxfuqxdtZxIsxyasAzasBAas8BJsIBftIBfuIBdv8BNvAAkwAzkwyykw_xNvqxevqxfu^qxakqx8jZxDixy5iAz5iBA5i8BEiIBajIBakIB9l7BIlzAfmAzfmyyfm_xJlqxalqxak" /><g i="27" c="412" charCode="87" p="#^DP$v%kL$v%VIDmMI7mrIzk7I_i4Isi$H6jIHAkqH1mfHFm%RE$v%yA$v%$v9e%Jz9e%$BUnCCBqTCzsYCTrcDqqtDYoID9o%iG9e%TJ9e%uM9oFMQoVMcqaNAriNzsqNDrHNcqYNNoaOUn%sQ9e%aU9e" /><g i="28" c="413" charCode="107" p="%^xBAo9DvmZGmiaLmiLFhovL$vcH$vhDtqGBLrGB$vYx$vYx$cGB$cGBuluBAo" /><g i="29" c="414" charCode="57346" p="#^vF9l%hC9l%hC$v%yy$v%yy9l%vw9l%vwmj%yymi%yymhyy1fHzYdRATcnDTcjFTcPGsd%SFbgKEQfNDQf_CQfDCighCMghCvh%hCmi%vFmi^bP9l%ZL9l%ZL$v%eI$v%eI9l%bG9l%bGmj%eImi%eImheI1fnJYdxKTc3NTc$OTcvQsd%yPbgqOQftNQfGMQfjMigZLMgZLvh%ZLmi%bPmi" /><g i="30" c="415" charCode="63" p="#^nz4q%nzapnz$nTz8nnAgmIBhl_CnkoDOjODdjODwiODJhcDjhDCUgABUgLzUgpx5i%4wqfOyUdRBUdmEUdRF6fkHjgkHkikHGjJGFk6GDloERmdDInVC9oCCCoCClp%CC4q^_yfu_ydtxzIs4Aas7Bas8CasHCJsfDftfDfufDdvHCNv7Ckw7Bkw5AkwxzNv_yev_yfu" /></glyphs></font><font id="10" name="Open Sans Charset1_ 5aRtG8QDWPb"><glyphs><g i="0" c="384" charCode="79" p="#^XN3nXNlrMLOtCJfwLFfwPBfwGzRtxxqrxx1nxxGiGzhgQBTdNFTdDJTdNLkgXNMiXN3n^Jz3nJzHqgBzsPCruLFruJIrueKAsLLIqLL3nLLsjeKBhKIKfNFKfPCKfgBChJzujJz3n" /><g i="1" c="385" charCode="75" p="%^lL$vVI$voClnxA$oxA$vsy$vsy9exA9exA$mDI9e4L9eUDVl" /><g i="2" c="386" charCode="89" p="%^$C4nLH9e$J9e2E4p2E$vXB$vXBap$v9egy9e" /><g i="3" c="387" charCode="101" p="#^ODfwQAfw6zsupxEspxqppxbm$yhkBAnihDniOFnifH1kJIHlJIoo%JIGp%vzGpzz1sHAgtQBuuTDuu1Guu9IAt%9Iov4HRv6G2w9FfwODfw^fD4kEB4kGA7lJzamyz1o%yG1oyG6mHF5lRE4kfD4k" /><g i="4" c="388" charCode="115" p="#^NGmsNGduoFev$DfwuBfwPyfwkxpv%kxwtiy0uoziuvAAuxBAu6DAuZD4uQEztQExsQELr8EbrtDDqvBTpEzapRyFo3y8oGxunixQmixVlixgkDykjYznigCnirEnivGfj%NFVkMD4k7C4kHA4kYzxkdz_kdzMldzjmuzHmMz3nnApn_ALnJCoo6FgpXF8qNG0rNGms" /><g i="5" c="389" charCode="78" p="%^oM$v0K$vgA1haA1h#nAFjnASlnA$vsy$vsy9eOA9ewK4tDK4t#BKKsvKYq#qKapsKoosK9eoM9e" /><g i="6" c="390" charCode="111" p="#^HJipHJAs1IquoGfwuDfwIBfwjApvWyzu9y_spxprpxippx1m1zckGAniADnioGni1IfkHJ6mHJip^vzipvzSrwActyByuyDyuxFyuzGdtBHTrBHipBHLmzGqlxF5kwD5kxB5kwAplvzImvzip" /><g i="7" c="391" charCode="67" p="#^5GLf9DLfsBJhLzGjLz4nLzAqoBvs1Dpu3GpuXHpukKKt%kKyvtIfwLFfwPBfwGzStxxtrxx2nxxikzydiBz8gxB0fuDUd6GUdWIUd0LWe%8KIg7ILf5GLf" /><g i="8" c="392" charCode="114" p="#^fEni8FniRFwi%zFpkKEdk6EdkuCdkkBylaASmaAQo%aA$v%8y$v%8yDi%PzDi%2A5l%9A5lUAOjXB5j$CnifEni" /><g i="9" c="393" charCode="99" p="#^vDfwBAfw$ytupxGspxoppx1m0zckEAniDDniBEnizFBixGOi4H4j%sGOkNFxk_EmkbEakADakvzakvznpvzRrvAatvBuusDuu7FuuTGMt%TGzvxFfwvDfw" /><g i="10" c="394" charCode="116" p="#^tCAu0DAuwDvu0EquiEku%iEUvZD2wkD8wHCfwaCfwiyfwiy9s%iyck%nwck%nwej%iyoi%9zxf%kAxf%kADi%cEDi%cEck%kAck%kA4skAhtUAXttBAutCAu" /><g i="11" c="395" charCode="73" p="%^sy$vsy9exA9exA$v" /><g i="12" c="396" charCode="110" p="#^iH$v%iHlniHIlyGVkPF5keE5k7C5k8BelaAmmaA_o%aA$v%9y$v%9yDi%OzDi%7Ask%dAskRAtjZBWi5DnitEniUGni6IyjkJIkkJgn%kJ$v" /></glyphs></font><font id="20" name="Trebuchet MS Charset1_ 5nzxRMa6VTY"><glyphs><g i="0" c="384" charCode="73" p="%^gy$vgy6eIA6eIA$v" /><g i="1" c="385" charCode="110" p="#^HF$v%HFpoHFjm2FulqEEkYCEk9CEkhB7lqABlYzhm%Yz$v%Ex$v%ExWi%ezWi%YzCk6BHiIDHi$HHi$HVn%$H$v" /><g i="2" c="386" charCode="99" p="#^AH$j%qGEl3Ghl9FZkfEEknDEktBEklAZlezinezBpezUrmA5tvBiuwDiu4FiuFG5t%AH2vJFfwYCfwhAfwxysuOwFsOwBpOwtmCyAkrAHiCDHiDEHiPF7j0HyjAH$j" /><g i="3" c="387" charCode="111" p="#^OwrpOwpmqyyk3AHiJCHixFHi4HukDIgmDIrpDIBs1HqusFfwJCfwWzfwmypuOwzsOwrp^ezrpezmuJCmulEmugF2tbGJrbGrpbGAkJCAk7BAkaATlezanezrp" /><g i="4" c="388" charCode="114" p="#^KEal_DEkdDEk_BEk3BNl8AVm8Avo%8A$v%Qx$v%QxWi%8AWi%8A0lpBHiVDHixEHiIFVi" /><g i="5" c="389" charCode="101" p="#^FIHp%ezHpez_ruAdtBBiulDiukFiuGG8t%EHPu6Hlv$FKvCEfwUCfwrAfwJyAuOwKsOwDpOwomMyrkwAHiWCHiJFHijHgkRIMlRIgoRI2pFIHp^1DEkuBEkrAElrzBmiz$n%xG$nxGBmFFFlHEEk1DEk" /><g i="6" c="390" charCode="116" p="#^uyLk%ZwLk%ZwWi%uyWi%uybg%OAif%OAWi%oEWi%oELk%OALk%OAfrOAVslBCtVBiu8Diu1Eiu_ERt%kFUvUDfwaCfwDAfwyz5vuyXtuybs" /><g i="7" c="391" charCode="32" p="#" /><g i="8" c="392" charCode="97" p="#^2FvuFDfwNAfwfzfw6y8v_w0u_wms_wnqJy$otADnaDDnVDDnQEXnQEMk$BMkQzMkFyXl%Gx$jkysjuz4jFAHiJBHizEHiRF_j8Hhl8H5o%8HNs8HvuaI4v%aIewLGew2GQvmFqv2Fvu^QEApKDlphDlpxBlppAfqiz9rizosizquIBqutDquQEKs" /><g i="9" c="393" charCode="115" p="#^Owdv%Cx1tyziuKAiuTCiuTCusTCcrOAgqczxpEy9p5yNoHxiohxPn4xhnTwKmTw6mTwvk2yBjdzHi6BHixCHiIEBj%2EKlGCEkhBEksAEkTz1ljzqljz0mjzhnKAWn%oCHoWDnpCEgqjF9rjFvsjFgu4EgvRCfwGAfwCyfwOwdv" /><g i="10" c="394" charCode="119" p="%^KJfw7JfwhFlntBfwSAfwbwUiGyUitBurXEUiyFUi7Jur8MUiqOUi" /><g i="11" c="395" charCode="67" p="#^eJNe%qITgfH0gKE0goC0gZA2iyz3kyzgnyzjq$AdssC6uME6uhH6uDIks%ZJcuRHjwvEjw$Ajw_yNt_wfr_w7n_w6j7ztghBPdGEPdBHPdeJNe" /><g i="12" c="396" charCode="84" p="%^lEjglE$vVB$vVBjgdwjgdw6ehK6ehKjg" /><g i="13" c="397" charCode="104" p="#^IF$v%IFNnIFkm_EulgEEkYCEk6CEkfB8lpADlYzhm%Yz$v%Ex$v%Exzd%Yzzd%YznkqAFjsBajuCHiADHiFFHiQG3k0Iql0INn%0I$v" /><g i="14" c="398" charCode="39" p="%^OyLiaxLiTw5e7z5e" /><g i="15" c="399" charCode="105" p="#^2AZdEAZd3BoeuBPeuBpfuB$f3BqgEARg2ARgszRg1zqgCy$fCypfCyOe0zoerzZd2AZd^Ny$v%NyTk%_wTk%_wWi%5BWi%5B$v" /><g i="16" c="400" charCode="103" p="#^axAz%ryJxsA4zaC4zLD4zFExyzF_xzFbxzFBvgDBvTCBvRBOvQA_vfA_vtx_vtxTttxet7yIsNyasLzYr_wFq_wtn_wqlpy3kRzHiXBHiSDHiYEuj%6G5i%DHwj%eGzk7HJl7HBn7HzpUFVqFEfsFCrs%LADspAGsQzVsfz7tfzvtfz$tsA$tZA$t4CPtcDCtKDCtGFCtLGxuQHsvQH5xQHVycG0ABE7B6C7BRA7BrzGA1ydAaxAz^5CzkUAzk7AqlmzgmmzunmzRo5AKpRADq5CDqkDDq0EMpJEUoJEunJEgmZDqldDzk5Czk" /><g i="17" c="401" charCode="33" p="#^2Blr%aAlrezclezPi%ezOd%$BOd%$BOi$B7l2Blr^HAAsrBAsZB7twCFtwCpuwCavZBJvrBfwHAfwXzfwozJvSyavSypuSyFtoz7tXzAsHAAs" /><g i="18" c="403" charCode="89" p="%^mE_nmE$vWB$vWB_n9w6eGy6e7DWlAH6e5K6e" /><g i="19" c="404" charCode="117" p="#^RzWi%RzgrRziutCiuDDiuzEEtwF_sQF6s%QFWi%8IWi%8I$v%QF$v%QFburFZufECv4DfwYBfwPzfwGy0vxxNtxxwr%xxWi" /><g i="20" c="405" charCode="108" p="#^Qxjs%Qxzd%8Azd%8AVr8AZsKAAtlBaukCau%kCfwQxfwQxjs" /><g i="21" c="406" charCode="100" p="#^YF_v%YF0vLEewrCew_zewsyuuWwJsWwOpWwRmGyMkrAHiTCHiVEHiYFEj%YFzd%gIzd%gI_v^YFYl4FEkyDEkGBEkwA1mmzqnmzApmziuGDiudEiu_EYtLFBtYFct" /><g i="22" c="407" charCode="112" p="#^Yzhv%Yz7B%Ex7B%ExWi%YzWi%Yz$jgBHi8DHiWFHitHqk0J9m0Jvp0JussHnuUFfwXCfw6Cfw9BYvdAFvYzhv^YzLl%YzntaAItTA$tBBiugCiuAGiuAGppAGXmyFOlxEEkgCEkNBEk4B_knAklYzLl" /><g i="23" c="408" charCode="46" p="#^jAAs3BAsBB7t8CFt8Cpu8CavBBJv3BfwjAfwzzfw0zJvuyavuypuuyFt0z7tzzAsjAAs" /><g i="24" c="409" charCode="80" p="#^gA6p%gA$v%Qx$v%Qx7eBA$daB$dYI$dYIcjYIep4CepFBepgA6p^gAkg%gAVmPB1nVB1nrG1nrGtjrGcgBBcg6BcggAkg" /><g i="25" c="410" charCode="121" p="#^ECdybCtzKAiAiz7Bwx7B%wx2zZy2z$zmy2BHx2BJw2BEvFABuhAytHz0s%8wWi%wyWi%mC1t%PFWi%bIWi" /><g i="26" c="411" charCode="83" p="#^1xbv%WxXsCyrtDzNtFA6usB6uUC6uLDktDEysDElrDErq8EGpFDUoJBZn%gAinrysmIxhl_w5k_wsi_wsgoy8fPzPd2CPd0FPdaGNe%sFVgZEygYDdgYCUf5CUfSAUf8ACgqzjhqzqiqz5jGzFjXzdkoACkRA_kgCGl%KDmmzFeniGro2HEp2Hur2HvtqFVuPDjw5BjwJyjw1xbv" /><g i="27" c="412" charCode="58" p="#^jAHi3BHiBBej8CMj8Cwk8ChlBBQl3BmmjAmmzzmm0zQluyhluywkuyMj0zejzzHijAHi^jAAs3BAsBB7t8CFt8Cpu8CavBBJv3BfwjAfwzzfw0zJvuyavuypuuyFt0z7tzzAsjAAs" /><g i="28" c="413" charCode="44" p="#^LyrA%7yzzdARxdADwdA5wSzzvPy2vPy6uPyttjz2tPzDszADseBDsMBdtiCOtiCAuiCcwCBvxXAOyLyrA" /></glyphs></font><font id="30" name="Trebuchet MSBold Charset1_ 5mQW8XbnePo"><glyphs><g i="0" c="384" charCode="84" p="%^6FWg6F$vXB$vXBWgfwWgfw6e2L6e2LWg" /><g i="1" c="385" charCode="104" p="#^5G$v%5GYn5GLmkF0mAEhlmDhlCChlQBHl3B5mKADm%KA$v%Ex$v%Ex3e%KAkd%KAMjWBHi$DHisGHiOH2k9Jpl9JYn%9J$v" /><g i="2" c="386" charCode="101" p="#^kJoq%_zoq3AYr2BQs2CHtJDHtPFHtUGBs%4IWutGewgDewhAewxyuuOwKsOwBpOwwmIyCkDAHiiDHi8GHiSHokAJ4mAJIoAJfpkJoq^5A5o%wG5ocGellDelKAel5A5o" /><g i="3" c="387" charCode="32" p="#" /><g i="4" c="388" charCode="113" p="#^8G7B%8GDv2Few6DewfAewEyvu1xMs1xBp1xrmTyzkKAHiCDHijFHiIGIj%cHWi%bJWi%bJ7B^8G1mkFhl$DhldChlcBsmcADncABpcAFtVDFtgFFt8G0t" /><g i="5" c="389" charCode="117" p="#^3G0w%3GWuqFtvhESv8DewbCewExewExpr%ExWi%HAWi%HAarHAHtYCHt_DHtTE9tMFCs3GVr%3GWi%6JWi%6J0w" /><g i="6" c="390" charCode="115" p="#^Rw8v%WxJsizPt0BPtOCPtOCysOCOrfCkrJBRqaAcqOwOoOwgmOwAk4yEjnzHioBHiqDHidFCj%lEZllD6lzB6lZz6lZznmZzTmuAhn0BHnKCnosE2pcF0qZFZqZFksZF9uCEcvgDewYAewFzewSy0w4yPvRw8v" /><g i="7" c="391" charCode="116" p="#^6ynl%Bwnl%BwWi%6yWi%6ygg%9B8f%9BWi%LEWi%LEnl%9Bnl%9B5r9BvsBB4t1CFt8DFteEFtbF3t%bFTv7Eew9CewcAew9z8v6y1u6y_r" /><g i="8" c="392" charCode="105" p="#^1ARdLARdgBneOBUeOBDfOBlggBTgLAoh1AohizohMyTgfylgfyDffyUeMyneizRd1ARd^sy$v%syql%Nwql%NwWi%yBWi%yB$v" /><g i="9" c="393" charCode="111" p="#^OwrpOwrmwyzkfAHi4DHi3GHiIHvkmJimmJrpmJysGHou$Few4Dew6AewsynuOwwsOwrp^ZzrpZzLt4DLtwELtlFDsbGvrbGrpbGal4DalFBalPAimZzqnZzrp" /><g i="10" c="394" charCode="110" p="#^2G$v%2Gro2GMmpF$lMEeljDelECelTBCl6B_lHAym%HA$v%Ex$v%ExWi%RzWi%oA8kEBHi3EHioGHiKH5k5Jul5J_n%5J$v" /><g i="11" c="395" charCode="103" p="#^Gwmz%CyZwcAryaCryuDrylE2ycFFxcFZwcFPvjDPvOCPvNBXvMA3wfA3w5x3w5xOt5x9tCxxs8yVrRyCrCwaqCwvnCwpl8y1kHzFiXBFiHDFiTEjj%4GWh%bIRj%KGVkuH2muHCnuHRp7GbrMEwsHCwsmCwsPBss%jBosdBosEAFs4AVs4Act4AHtWAHtiBHtbCvt5DjtJDjtbIjtbIUwbISypG_zDE7B6C7B6z7BGwmz^JzwnJzGomAnp$A4q5C4qaD4qLDoplEIolEwnlExmJDRl5D9l5C9l1B9lnAPlJztmJzwn" /><g i="12" c="396" charCode="114" p="#^bFNlnEeloDelkCelvBcmHA9nHAyo%HA$v%Ex$v%ExWi%HAWi%HA7kZBHi5EHiFFHiuGaj" /><g i="13" c="397" charCode="46" p="#^7ypu7yutMyRspzcsjAcseBcsTBRswCutwCpuwCjvTBZveBCwjACwpzCwMyZv7yjv7ypu" /><g i="14" c="398" charCode="83" p="#^_w$u%9y9s1AutSButFEutFExrFEDq$DOplDYohBWndzUmvyemNxzloxFk0xKj0xDi0xygxybf3APdrCPdyFPd$GZe%1GIhmEwgvCwgpBwgOA5hbAGhbACibA8kBDOloFGmbGqn_G9ooH8pPH6qPHkrPHvt5GVunEiwvBiw$yiw_w$u" /><g i="15" c="399" charCode="98" p="#^Pzgv%7zew%pxew%px3e%sAkd%sArjGBHi6DHi_FHiKHvkvJjmvJ8pvJqsKHkuZFewXCew6BewPzgv^sA2m%sARs7BEtgCEtuEEtpFBskGyrkGfpkGhlwChl9BhlsA2m" /><g i="16" c="400" charCode="109" p="#^MM$v%MMPnMMelsKelNJel8JElvI2mfIzm%fI$v%cF$v%cFkncFnmBEPl$DelWCellCelGBGl$A5mHACm%HA$v%Ex$v%ExWi%KzWi%mA4kDBHiEDHieGHizH6k7Isj8J4jaKHicLHioNHiBOXjPPblPPnn%PP$v" /><g i="17" c="401" charCode="63" p="#^4CAq%KzAqJzvqwzZpjzqpjz0pjzfowzynKzQm9AdmAABlOBfk1DUi1D$h1DigOAigIzigxyoh%gx1fRyOdpBOdnDOdIEVe1G$f1GPh1G3jyFWj3FNkRDXlEC5ngCTnVBEoVBypVBLp4CAq^1BesSBesrCQs0Dpt0Deu0D3vrCFvSBew1BewcAewCzFv1z3v1zeu1zptCzQscAes1Bes" /><g i="18" c="403" charCode="67" p="#^5K3f%NIHhJHDgnFDg8DDgIBvihAnkhAfnhA6qBBOrWCut8FutFHut5JGr%zKeuDIiwTEiw7Biw2zRt_wnr_w6n_w8jhzugBBPdaFPdfIPd5K3f" /><g i="19" c="404" charCode="121" p="#^nD5yUCpzhBgAGz7Bxx7B%xxqy3Bqy3BFw3Buv5A3t%$vWi%9zWi%LCYr%$FWi%9JWi" /><g i="20" c="405" charCode="65" p="%^gI$vYGnsRAnsBz$v3w$vbDTdAETdML$v^TDljKBYp1GYp" /><g i="21" c="406" charCode="97" p="#^WEIuvEnvtDPvrCewkBewdzew$xbvOw7uOwbsOwWpvyEocAmnkDmnSDmnBEynBEelHBelZzelPyPl%9yrjKzHiVBHiUEHihG2kGHplGHcp%GH_rGHBuJIgvlIWvTH4wqHewPGew9GewDFLv6FgvWEIu^DESpRDHpsDHpRzHpRz3sRzPtTBPtDEPtDE4r" /><g i="22" c="407" charCode="81" p="#^OOIz_NPz9NPzUKPzZIUy3HZx$FjwzFowyEow1Bow$yLt_w6r_wZm_w1j2zqg6BOdyEOdqIOdwKdgCMEiCMZmCMntpIxvKJ$wQM$wZN$wOOLw^hAZmhANppBGrxCztyEztUGzt5IQrjJ5qjJZmjJDgyEDgsCDgmBkihA0khAZm" /><g i="23" c="408" charCode="82" p="#^WH$v%8DDoqCCo7Byo%7B$v%Qx$v%Qx7e5y7eUz1eHBXdNCXdBJXdBJdjBJOkFI6mJHqnhGYn%AL$v^7BUg%7BRl$BWltCWlsEWlnFmliGOkiGajiGShjFlhkEPgcCPgHBPg7BUg" /><g i="24" c="409" charCode="108" p="#^ay3e%dBkd%dB0sdBruGCVuZBewfAewayewaymt" /><g i="25" c="410" charCode="122" p="%^Ow$vOwZuUDAlWwAlWwWilIWilI$jwBltqIltqI$v" /></glyphs></font></bwFonts>