<?xml version="1.0" encoding="utf-8"?>
<manifest identifier="_60DWWzW8qbn_course_id" version="1.0" xmlns="http://www.imsproject.org/xsd/imscp_rootv1p1p2" xmlns:adlcp="http://www.adlnet.org/xsd/adlcp_rootv1p2" xmlns:xsi="http://www.w3.org/2001/XMLSchema-instance" xsi:schemaLocation="http://www.imsproject.org/xsd/imscp_rootv1p1p2 imscp_rootv1p1p2.xsd http://www.imsglobal.org/xsd/imsmd_rootv1p2p1 imsmd_rootv1p2p1.xsd http://www.adlnet.org/xsd/adlcp_rootv1p2 adlcp_rootv1p2.xsd">
  <metadata>
    <schema>ADL SCORM</schema>
    <schemaversion>1.2</schemaversion>
    <lom xmlns="http://www.imsglobal.org/xsd/imsmd_rootv1p2p1" xmlns:xsi="http://www.w3.org/2001/XMLSchema-instance" xsi:schemaLocation="http://www.imsglobal.org/xsd/imsmd_rootv1p2p1 imsmd_rootv1p2p1.xsd">
      <general>
        <title>
          <langstring xml:lang="x-none">Hoat_dong_2</langstring>
        </title>
      </general>
      <lifecycle>
        <version>
          <langstring xml:lang="x-none">1</langstring>
        </version>
        <status>
          <source>
            <langstring xml:lang="x-none">LOMv1.0</langstring>
          </source>
          <value>
            <langstring xml:lang="x-none">Final</langstring>
          </value>
        </status>
      </lifecycle>
      <metametadata>
        <metadatascheme>ADL SCORM 1.2</metadatascheme>
      </metametadata>
      <educational>
        <typicallearningtime>
          <datetime>PT0H0M0S</datetime>
        </typicallearningtime>
      </educational>
      <rights>
        <cost>
          <source>
            <langstring xml:lang="x-none">LOMv1.0</langstring>
          </source>
          <value>
            <langstring xml:lang="x-none">yes</langstring>
          </value>
        </cost>
        <copyrightandotherrestrictions>
          <source>
            <langstring xml:lang="x-none">LOMv1.0</langstring>
          </source>
          <value>
            <langstring xml:lang="x-none">yes</langstring>
          </value>
        </copyrightandotherrestrictions>
      </rights>
    </lom>
  </metadata>
  <organizations default="Hoat_dong_2_ORG">
    <organization identifier="Hoat_dong_2_ORG">
      <title>Hoat_dong_2</title>
      <item identifier="Hoat_dong_2_SCO" isvisible="true" identifierref="__60DWWzW8qbn_course_id_RES">
        <title>Hoat_dong_2</title>
      </item>
    </organization>
  </organizations>
  <resources>
    <resource identifier="__60DWWzW8qbn_course_id_RES" type="webcontent" href="index_lms.html" adlcp:scormtype="sco">
      <file href="story_content/thumbnail.jpg" />
      <file href="story_content/6RmIoVw5WeJ_80_DX1296_DY1296.swf" />
      <file href="mobile/6RmIoVw5WeJ_80_DX1296_DY1296_CX648_CY417.png" />
      <file href="story_content/5d2kVdmf8IP_80_DX272_DY272.swf" />
      <file href="mobile/5d2kVdmf8IP_80_DX272_DY272_CX172_CY132.png" />
      <file href="story_content/6qcfqZvVSjs_80_DX1200_DY1200.swf" />
      <file href="mobile/6qcfqZvVSjs_80_DX1200_DY1200_CX600_CY482.png" />
      <file href="story_content/6KDbEVCri83_80_DX208_DY208.swf" />
      <file href="mobile/6KDbEVCri83_80_DX208_DY208_CX98_CY104.png" />
      <file href="story_content/5fD9MOh7WuS_80_DX196_DY196.swf" />
      <file href="mobile/5fD9MOh7WuS_80_DX196_DY196_CX103_CY117.png" />
      <file href="story_content/5nm7YJvRnSu_80_DX416_DY416.swf" />
      <file href="mobile/5nm7YJvRnSu_80_DX416_DY416_CX168_CY311.png" />
      <file href="story_content/6aoiXptpAzM_80_DX274_DY274.swf" />
      <file href="mobile/6aoiXptpAzM_80_DX274_DY274_CX143_CY178.png" />
      <file href="story_content/5y01WVvvHaw_80_DX300_DY300.swf" />
      <file href="mobile/5y01WVvvHaw_80_DX300_DY300_CX100_CY206.png" />
      <file href="story_content/5c7e6TA9p3e_80_DX256_DY256.swf" />
      <file href="mobile/5c7e6TA9p3e_80_DX256_DY256_CX130_CY142.png" />
      <file href="story_content/6Tjbffb4BFH_80_DX1290_DY1290.swf" />
      <file href="mobile/6Tjbffb4BFH_80_DX1290_DY1290_CX645_CY490.png" />
      <file href="story_content/6bpZyt8c3Kz_80_DX388_DY388.swf" />
      <file href="mobile/6bpZyt8c3Kz_80_DX388_DY388_CX199_CY186.png" />
      <file href="story_content/6Dhj5MqTgd6_80_DX1010_DY1010.swf" />
      <file href="mobile/6Dhj5MqTgd6_80_DX1010_DY1010_CX505_CY333.png" />
      <file href="story_content/6cIYHN29HEg_80_DX512_DY512.swf" />
      <file href="mobile/6cIYHN29HEg_80_DX512_DY512_CX160_CY257.png" />
      <file href="story_content/6YieFKnI7p3_80_DX452_DY452.swf" />
      <file href="mobile/6YieFKnI7p3_80_DX452_DY452_CX177_CY247.png" />
      <file href="story_content/5qoo6x8KjEn_80_DX154_DY154.swf" />
      <file href="mobile/5qoo6x8KjEn_80_DX154_DY154_CX63_CY89.png" />
      <file href="story_content/Shape5gzYQkG6moq.swf" />
      <file href="story_content/Shape5bEOWpETlY7.swf" />
      <file href="story_content/6Lv4jWbfacU_80_DX196_DY196.swf" />
      <file href="mobile/6Lv4jWbfacU_80_DX196_DY196_CX6_CY98.png" />
      <file href="story_content/5sY9HAYmv21_80_DX196_DY196.swf" />
      <file href="mobile/5sY9HAYmv21_80_DX196_DY196_CX6_CY98.png" />
      <file href="story_content/65la54CHwOa_80_DX196_DY196.swf" />
      <file href="mobile/65la54CHwOa_80_DX196_DY196_CX6_CY98.png" />
      <file href="story_content/6rFpAU5efWH_80_DX196_DY196.swf" />
      <file href="mobile/6rFpAU5efWH_80_DX196_DY196_CX6_CY98.png" />
      <file href="story_content/64x5azBaYXG_80_DX694_DY694.swf" />
      <file href="mobile/64x5azBaYXG_80_DX694_DY694_CX347_CY144.png" />
      <file href="story_content/64QCA48aE3T_80_DX694_DY694.swf" />
      <file href="mobile/64QCA48aE3T_80_DX694_DY694_CX347_CY144.png" />
      <file href="story_content/6MJVXHpcst0_80_DX1332_DY1332.swf" />
      <file href="mobile/6MJVXHpcst0_80_DX1332_DY1332_CX992_CY556.png" />
      <file href="story_content/6FraZXMaIMj_80_DX694_DY694.swf" />
      <file href="mobile/6FraZXMaIMj_80_DX694_DY694_CX347_CY5.png" />
      <file href="story_content/6OqmDaFvzOx_80_DX128_DY128.swf" />
      <file href="mobile/6OqmDaFvzOx_80_DX128_DY128_CX64_CY29.png" />
      <file href="story_content/64WumKA350t_80_DX90_DY90.swf" />
      <file href="mobile/64WumKA350t_80_DX90_DY90_CX45_CY26.png" />
      <file href="story_content/5wZsvQCYRBu_80_DX162_DY162.swf" />
      <file href="mobile/5wZsvQCYRBu_80_DX162_DY162_CX81_CY45.png" />
      <file href="story_content/5jujNVU1Vtx_80_DX872_DY872.swf" />
      <file href="mobile/5jujNVU1Vtx_80_DX872_DY872_CX436_CY88.png" />
      <file href="story_content/66fBmbslRwt_80_DX122_DY122.swf" />
      <file href="mobile/66fBmbslRwt_80_DX122_DY122_CX61_CY42.png" />
      <file href="story_content/6qiUBZJVh4o_80_DX542_DY542.swf" />
      <file href="mobile/6qiUBZJVh4o_80_DX542_DY542_CX271_CY27.png" />
      <file href="story_content/6iyI1xln1cZ_80_DX126_DY126.swf" />
      <file href="mobile/6iyI1xln1cZ_80_DX126_DY126_CX63_CY40.png" />
      <file href="story_content/5xSBVBPm4qu_80_DX20_DY20.swf" />
      <file href="mobile/5xSBVBPm4qu_80_DX20_DY20_CX10_CY8.png" />
      <file href="story_content/6AhwNtFolr5_80_DX20_DY20.swf" />
      <file href="mobile/6AhwNtFolr5_80_DX20_DY20_CX10_CY7.png" />
      <file href="story_content/5of0JUShmCo_80_DX20_DY20.swf" />
      <file href="mobile/5of0JUShmCo_80_DX20_DY20_CX10_CY7.png" />
      <file href="story_content/5YhZrlkjiAL_80_DX26_DY26.swf" />
      <file href="mobile/5YhZrlkjiAL_80_DX26_DY26_CX13_CY11.png" />
      <file href="story_content/61HswRiSAC4_80_DX20_DY20.swf" />
      <file href="mobile/61HswRiSAC4_80_DX20_DY20_CX10_CY7.png" />
      <file href="story_content/6MMYa7TCt7y_80_DX26_DY26.swf" />
      <file href="mobile/6MMYa7TCt7y_80_DX26_DY26_CX13_CY11.png" />
      <file href="story_content/5bMqD2qFqJN_80_DX84_DY84.swf" />
      <file href="mobile/5bMqD2qFqJN_80_DX84_DY84_CX42_CY26.png" />
      <file href="story_content/5qhnM9e7koc_80_DX542_DY542.swf" />
      <file href="mobile/5qhnM9e7koc_80_DX542_DY542_CX271_CY27.png" />
      <file href="story_content/6DGsTqcdCIV_80_DX344_DY344.swf" />
      <file href="mobile/6DGsTqcdCIV_80_DX344_DY344_CX250_CY241.png" />
      <file href="story_content/Shape6RXaFnIJzjM.swf" />
      <file href="story_content/Shape5hczcZB4pj2.swf" />
      <file href="story_content/5nvQxeQZSbE_80_DX1332_DY1332.jpg" />
      <file href="mobile/5nvQxeQZSbE_80_DX1332_DY1332_CX666_CY368.jpg" />
      <file href="story_content/6C54u6C5zaU_80_DX442_DY442.swf" />
      <file href="mobile/6C54u6C5zaU_80_DX442_DY442_CX307_CY232.png" />
      <file href="story_content/Shape6FuIR6ky9ll.swf" />
      <file href="story_content/Shape6PdEt8z1fVE.swf" />
      <file href="story_content/68z8N25bOKo_80_DX1332_DY1332.jpg" />
      <file href="mobile/68z8N25bOKo_80_DX1332_DY1332_CX666_CY368.jpg" />
      <file href="story_content/6AgKesZzpfD_80_DX366_DY366.swf" />
      <file href="mobile/6AgKesZzpfD_80_DX366_DY366_CX274_CY235.png" />
      <file href="story_content/Shape6CZMiVff2za.swf" />
      <file href="story_content/Shape6N9XhgbpdDX.swf" />
      <file href="story_content/6RiP4daFhAf_80_DX1332_DY1332.jpg" />
      <file href="mobile/6RiP4daFhAf_80_DX1332_DY1332_CX666_CY368.jpg" />
      <file href="story_content/5gxOX8xAHoV_80_DX442_DY442.swf" />
      <file href="mobile/5gxOX8xAHoV_80_DX442_DY442_CX296_CY206.png" />
      <file href="story_content/txt__default_6nG1bvQs9VQ.swf" />
      <file href="story_content/Shape6airBohgASC.swf" />
      <file href="story_content/Shape6cGLdlfJ7Nt.swf" />
      <file href="story_content/Shape6BoKtuYCwK0.swf" />
      <file href="story_content/Shape6MB1upOP9vT.swf" />
      <file href="story_content/5fBfBDJRTS2_80_DX1332_DY1332.jpg" />
      <file href="mobile/5fBfBDJRTS2_80_DX1332_DY1332_CX666_CY368.jpg" />
      <file href="story_content/Shape5wVQzKxfjLK.swf" />
      <file href="story_content/Shape5jx5wGnCvRg.swf" />
      <file href="story_content/6B8UVf4GUwW_80_DX1332_DY1332.jpg" />
      <file href="mobile/6B8UVf4GUwW_80_DX1332_DY1332_CX666_CY368.jpg" />
      <file href="story_content/Shape5zSogVDGBP7.swf" />
      <file href="story_content/Shape5xaBNXv3Boa.swf" />
      <file href="story_content/5xdqRJFUA63_80_DX1332_DY1332.jpg" />
      <file href="mobile/5xdqRJFUA63_80_DX1332_DY1332_CX666_CY368.jpg" />
      <file href="story_content/txt__default_6JMptaGxWhn.swf" />
      <file href="story_content/Shape6OV6OZrK6aP.swf" />
      <file href="story_content/Shape6p8jmntVPMX.swf" />
      <file href="meta.xml" />
      <file href="story_content/FontFactory.swf" />
      <file href="story_content/fonts.swf" />
      <file href="story_content/frame.xml" />
      <file href="story_content/frame.json" />
      <file href="story_content/user.js" />
      <file href="mobile/Shape5gzYQkG6moq.png" />
      <file href="mobile/Shape5bEOWpETlY7.png" />
      <file href="mobile/Shape6RXaFnIJzjM.png" />
      <file href="mobile/Shape5hczcZB4pj2.png" />
      <file href="mobile/Shape6FuIR6ky9ll.png" />
      <file href="mobile/Shape6PdEt8z1fVE.png" />
      <file href="mobile/Shape6CZMiVff2za.png" />
      <file href="mobile/Shape6N9XhgbpdDX.png" />
      <file href="mobile/txt__default_6nG1bvQs9VQ.png" />
      <file href="mobile/Shape6airBohgASC.png" />
      <file href="mobile/Shape6cGLdlfJ7Nt.png" />
      <file href="mobile/Shape6BoKtuYCwK0.png" />
      <file href="mobile/Shape6MB1upOP9vT.png" />
      <file href="mobile/Shape5wVQzKxfjLK.png" />
      <file href="mobile/Shape5jx5wGnCvRg.png" />
      <file href="mobile/Shape5zSogVDGBP7.png" />
      <file href="mobile/Shape5xaBNXv3Boa.png" />
      <file href="mobile/txt__default_6JMptaGxWhn.png" />
      <file href="mobile/Shape6OV6OZrK6aP.png" />
      <file href="mobile/Shape6p8jmntVPMX.png" />
      <file href="story.swf" />
      <file href="story_content/frame.swf" />
      <file href="story_content/slides/5nKhurNkjRC.swf" />
      <file href="story_content/slides/6iBUEc3ewar.swf" />
      <file href="story_content/slides/5x99xkiKRQM.swf" />
      <file href="story_content/slides/62x7deRXvZg.swf" />
      <file href="story_content/slides/631Ko2sfo6I.swf" />
      <file href="story_content/slides/6ny9Dy4W4d7.swf" />
      <file href="story_content/slides/62DQp3fi0NJ.swf" />
      <file href="story_content/slides/6iVeLbQNbrj.swf" />
      <file href="story_content/slides/5w2iJ2fuZop.swf" />
      <file href="story_content/slides/5oCT5SWWpS8.swf" />
      <file href="story_content/slides/6exFQaWP4Ka.swf" />
      <file href="story_content/data.swf" />
      <file href="html5/data/css/output.min.css" />
      <file href="html5/data/js/5nKhurNkjRC.js" />
      <file href="html5/data/js/5oCT5SWWpS8.js" />
      <file href="html5/data/js/5w2iJ2fuZop.js" />
      <file href="html5/data/js/5x99xkiKRQM.js" />
      <file href="html5/data/js/62DQp3fi0NJ.js" />
      <file href="html5/data/js/62x7deRXvZg.js" />
      <file href="html5/data/js/631Ko2sfo6I.js" />
      <file href="html5/data/js/6exFQaWP4Ka.js" />
      <file href="html5/data/js/6iBUEc3ewar.js" />
      <file href="html5/data/js/6iVeLbQNbrj.js" />
      <file href="html5/data/js/6ny9Dy4W4d7.js" />
      <file href="html5/data/js/data.js" />
      <file href="html5/data/js/frame.js" />
      <file href="html5/data/js/paths.js" />
      <file href="html5/lib/scripts/app.min.js" />
      <file href="html5/lib/stylesheets/main.min.css" />
      <file href="html5/lib/stylesheets/mobile-fonts/open-sans-bold.woff" />
      <file href="html5/lib/stylesheets/mobile-fonts/open-sans-light.woff" />
      <file href="html5/lib/stylesheets/mobile-fonts/open-sans-regular.woff" />
      <file href="story.html" />
      <file href="story_flash.html" />
      <file href="story_html5.html" />
      <file href="story_content/blank.html" />
      <file href="story_content/story.js" />
      <file href="index_lms.html" />
      <file href="index_lms_html5.html" />
      <file href="index_lms_flash.html" />
      <file href="lms/AICCComm.html" />
      <file href="lms/AICCFunctions.js" />
      <file href="lms/API.js" />
      <file href="lms/APIConstants.js" />
      <file href="lms/blank.html" />
      <file href="lms/browsersniff.js" />
      <file href="lms/Configuration.js" />
      <file href="lms/goodbye.html" />
      <file href="lms/lms.js" />
      <file href="lms/LMSAPI.js" />
      <file href="lms/NONEFunctions.js" />
      <file href="lms/SCORM2004Functions.js" />
      <file href="lms/SCORMFunctions.js" />
      <file href="lms/UtilityFunctions.js" />
    </resource>
  </resources>
</manifest>