﻿<?xml version="1.0" encoding="utf-8"?><bwFonts xmlns:xsi="http://www.w3.org/2001/XMLSchema-instance" xmlns:xsd="http://www.w3.org/2001/XMLSchema" fontfactoryurl="story_content/FontFactory.swf"><font id="00" name="Open SansBold Charset1_ 69etQXIXUSN"><glyphs><g i="0" c="384" charCode="89" p="%^ODvlwH9eBL9eGF3pGF$vWB$vWBap$v9e5A9e" /><g i="1" c="385" charCode="111" p="#^WA9pWAbrABesfCgtLDgtfFgtUFesyGcryG9pyG7nUF6meF5lKD5leC5lAB6mWA6nWA9p^mK9pmKusBInuRGfwIDfwKBfweAovKyxuWxWs7xir7x9p7xPlSyYjCA5iND5iLF5ifHYiLIOjyJplmK$mmK9p" /><g i="2" c="386" charCode="117" p="#^DH$v%7Hgu%XGgukGdveFKv8EfwKCfwkAfw5zZuTxGtTxfr%Txmi%CBmi%CBkqCBPr7CysFChtODhtnFht3GesMGbrMGNo%MGmi%uKmi%uK$v" /><g i="3" c="387" charCode="32" p="#" /><g i="4" c="388" charCode="109" p="#^aK$v%sG$v%sG1osGzmYFQlsF4loE4lZC4ljC7mGBanGBAp%GB$v%Yx$v%Yxmi%OAmi%iB5k%vB5k3C9j5DDi7E5itF5ixI5iDJ5k%YJ5kvK8jzLDiEM5i_N5iiQ5iuRhjGStkGS5n%GS$v%XO$v%XO1oXOzmrOQlYN4lUM4lxL4lRK3maK1naK9p" /><g i="5" c="389" charCode="115" p="#^tHYrtH2u$F9vyEfwFBfw9Afw6z2w3yRv8xsv%8xosbyTsuzctNAxtMBxtODxtODmsODWrxDFrgDnrBC1rXBGqRAcqgzypxy_oOxqosxIn7xZm7xVl7x5kxy5jXz5ixC5i$E5ikHaj%cGSlaFqlhE8loDSktCSkQASkQALlQAfmmBDmUB_mGDInhFmo0GWoMGtp6HcqtHXqtHYr" /><g i="6" c="390" charCode="116" p="#^IDhtHEht2GSs%2GDvFEfwDCfwoAfwnz7vmy$tmyKr%my9l%Aw9l%AwAj%Dyki%Izsf%4Csf%4Cmi%VFmi%VF9l%4C9l%4CKr4CxswCVsZChtIDht" /><g i="7" c="391" charCode="99" p="#^vDfw7xfw7xfp7xMlSyXjBA5iQD5icG5i4I0j%_GVl5GylkFklAE5lQD5lWA5lWAdpWAetQDetVEetPFYsKGFsFH2s%FHevLGPvQF1wVEfwvDfw" /><g i="8" c="392" charCode="112" p="#^sFfw2DfwGBvu%uBvuGBcwGBuw%GB$B%Yx$B%Yxmi%_Ami%vB7k%GB7k_C5iyF5iZH5ikJZjIKQlIK9pIKlr3KYsqJzueIpv2HfwsFfw^mE4lZC4lkCXlIBNmGBKo%GB7pGBkrkChs_CetpEetVGetVG6pVG5nhG5mGF4lmE4l" /><g i="9" c="393" charCode="108" p="%^GB$vYx$vYx$cGB$c" /><g i="10" c="394" charCode="101" p="#^CDLkqCLkLBvl4Bfm_ADn%cGDnaGfmtFvlNELkCDLk^7EfwQAfwZyru7xCs7xhp7xRlQyZjyA5iAD5itG5i4ILjHJolHJio%HJ6q%UA6qYAIrQBBsJCutiEutxFutDGetKHZsWIps%WIhvYHNvQG0wJFfw7Efw" /><g i="11" c="395" charCode="104" p="#^zK$v%QG$v%QG1oQG4lEE4l3D4lmC8mGBcnGBAp%GB$v%Yx$v%Yx$c%GB$c%GBTgGBkhBB$i%vB5k%IB5kYC5iFF5i3I5ijJojzKHkzK5n" /><g i="12" c="396" charCode="113" p="#^CDkt1FktHFwslGIrpGGp%pGdppG1nJF4m2F7lyD7lWA7lWAfpWAirABjseCktCDkt^hCfwSzfwuyou7xxs7xcp7xSlwy_jWz5imC5iED5iCEBiAF4jjG5k%pG5k%KGmi%UJmi%UJ$B%9G$B%9Ghw9GxvjGeu%9GeuyFdvzEKvADfwhCfw" /><g i="13" c="397" charCode="105" p="#^OxQeOx$cQz$cRB$cRBQeRBHfkBagQAFgQzFgOxFgOxQe^GB$v%Yx$v%Yxmi%GBmi" /><g i="14" c="398" charCode="110" p="#^zK$v%QG$v%QG1oQGzmiGQlNF4lEE4l3D4lmC7mGBanGBAp%GB$v%Yx$v%Yxmi%OAmi%iB5k%vB5k7C6jdDCijE5iIF5i5I5ikJojzKGkzK5n" /><g i="15" c="399" charCode="98" p="#^yF5iZH5ikJ_jIKTlIK9pIKxshJouTHfwsFfw2DfwGBvu%qBvu%OA$v%Yx$v%Yx$c%GB$c%GBqhGBgixB7k%GB7k_C5iyF5i^mE4lZC4lkCXlIBNmGBKo%GB7pGBkrkChs_CetpEetyFetdGbsVG7rVG6pVG5ndG5myF4lmE4l" /><g i="16" c="400" charCode="57344" p="#^vF9l%hC9l%hC$v%yy$v%yy9l%vw9l%vwmj%yymi%yymhyy1fHzYdRATcnDTcjFTcPGsd%SFbgKEQfNDQf_CQfDCighCMghCvh%hCmi%vFmi" /><g i="17" c="401" charCode="114" p="#^AF5ikG5iQGci%yGHl5GAlsFAlGDAlGCvmGBpnGB2p%GB$v%Yx$v%Yxmi%MAmi%kBEk%vBEk8CvjdDOiiE5iAF5i" /><g i="18" c="403" charCode="103" p="#^QJli%QJek%IHNkhIIlhIRmhI2pLGhqdFvrvCvr%QBtr%hBprIARrIAnsIAbtLCbt%4FbtjHbtuI9uGJ6vGJZwGJmzGHGAHF$BYB$B5z$BAx$A4w0A4wdy4w_wRw9wCxkv5zZuxyKu5ybuGxDtGx$sGxds7yIrAybrrzHqmydqJxcp5xao5xMm5xxkyyjj$z5iIC5ihD5i3EciREii4Fli^izXxizIy1A8zMAAz6CAz6EAzeF1znGuynGxxnGLwIFsw1FawDDaw%IBawGAaw_zFwiz8xizXx^FAQmFAXn9BBoGBepICepLDepeEBoKEXnKEQmKEmkICmkFAmkFAQm" /><g i="19" c="404" charCode="46" p="#^qxfuqxdtZxIsxyasAzasBAas8BJsIBftIBfuIBdv8BNvAAkwAzkwyykw_xNvqxevqxfu" /><g i="20" c="405" charCode="69" p="%^wI$vfy$vfy9ewI9ewIfh1Cfh1Cal4Ial4Igo1Cgo1CTswITs" /><g i="21" c="406" charCode="121" p="#^$vmi%4Ami%FC1q_C1r6Dps%aDpsjD8rID1q%eGmi%dKmi%sELxFDTzbCXAJA$BLy$BNx$BSwOB%SwRyxx$yjy$yjz$y2AoyNAOxcBAw%qBVv" /><g i="22" c="407" charCode="97" p="#^CG$v%UF9u%OF9uSElvSDOvTCfwgBfwjzfway7v2x$t2xXr2xMpzyKo5AIn9DBn%wFwn%wFWmwFRkoDRkMBRkyzQl%jyjjGA4iyD4ihG4iLHhjdJtkdJVm%dJ$v^wFHp%4EKpsCNpFBkqTASqTAYrTAxtGCxtZDxtKEOswF2swFPq" /><g i="23" c="408" charCode="57345" p="#^vF9l%hC9l%hC$v%yy$v%yy9l%vw9l%vwmj%yymi%yymhyy1fHzYdRATcnDTcjFTcPGsd%SFbgKEQfNDQf_CQfDCighCMghCvh%hCmi%vFmi^uHQeuH$cwJ$cxL$cxLQexLHf0LagwKFgwJFguHFguHQe^mL$v%EH$v%EHmi%mLmi" /><g i="24" c="409" charCode="100" p="#^hCfwTzfwvyou7xws7xcp7xRlwyZjWz5inC5iYE5ijG5k%rG5k9Gzi9Gnh%9G$c%UJ$c%UJ$v%1H$v%jGeu%9GeuTEfwhCfw^ADht0FhtGFsslGDrpGDp%pGeppG1nJF4m2F7lwD7lhC7lABbmUAenUAfpUAgrABhshChtADht" /><g i="25" c="410" charCode="119" p="%^aJ$v7IerIGclDGcl7E$v7A$vfwmiYzmixBpo#VB0qiCTsnCTs#qCYrOCXp$CVoHEmiNImioKVo#rKapxKIp#EKdqKKPq#RKprWKZr#$Kxs0LTs4LTs#bL$rtLtq#LLXoTLpowNmi9RmieN$v" /><g i="26" c="411" charCode="58" p="#^qxfuqxdtZxIsxyasAzasBAas8BJsIBftIBfuIBdv8BNvAAkwAzkwyykw_xNvqxevqxfu^qxakqx8jZxDixy5iAz5iBA5i8BEiIBajIBakIB9l7BIlzAfmAzfmyyfm_xJlqxalqxak" /><g i="27" c="412" charCode="87" p="#^DP$v%kL$v%VIDmMI7mrIzk7I_i4Isi$H6jIHAkqH1mfHFm%RE$v%yA$v%$v9e%Jz9e%$BUnCCBqTCzsYCTrcDqqtDYoID9o%iG9e%TJ9e%uM9oFMQoVMcqaNAriNzsqNDrHNcqYNNoaOUn%sQ9e%aU9e" /><g i="28" c="413" charCode="107" p="%^xBAo9DvmZGmiaLmiLFhovL$vcH$vhDtqGBLrGB$vYx$vYx$cGB$cGBuluBAo" /><g i="29" c="414" charCode="57346" p="#^vF9l%hC9l%hC$v%yy$v%yy9l%vw9l%vwmj%yymi%yymhyy1fHzYdRATcnDTcjFTcPGsd%SFbgKEQfNDQf_CQfDCighCMghCvh%hCmi%vFmi^bP9l%ZL9l%ZL$v%eI$v%eI9l%bG9l%bGmj%eImi%eImheI1fnJYdxKTc3NTc$OTcvQsd%yPbgqOQftNQfGMQfjMigZLMgZLvh%ZLmi%bPmi" /><g i="30" c="415" charCode="63" p="#^nz4q%nzapnz$nTz8nnAgmIBhl_CnkoDOjODdjODwiODJhcDjhDCUgABUgLzUgpx5i%4wqfOyUdRBUdmEUdRF6fkHjgkHkikHGjJGFk6GDloERmdDInVC9oCCCoCClp%CC4q^_yfu_ydtxzIs4Aas7Bas8CasHCJsfDftfDfufDdvHCNv7Ckw7Bkw5AkwxzNv_yev_yfu" /></glyphs></font><font id="10" name="Open Sans Charset1_ 6nuWnyxr1Kt"><glyphs><g i="0" c="384" charCode="79" p="#^XN3nXNlrMLOtCJfwLFfwPBfwGzRtxxqrxx1nxxGiGzhgQBTdNFTdDJTdNLkgXNMiXN3n^Jz3nJzHqgBzsPCruLFruJIrueKAsLLIqLL3nLLsjeKBhKIKfNFKfPCKfgBChJzujJz3n" /><g i="1" c="385" charCode="75" p="%^lL$vVI$voClnxA$oxA$vsy$vsy9exA9exA$mDI9e4L9eUDVl" /><g i="2" c="386" charCode="89" p="%^$C4nLH9e$J9e2E4p2E$vXB$vXBap$v9egy9e" /><g i="3" c="387" charCode="101" p="#^ODfwQAfw6zsupxEspxqppxbm$yhkBAnihDniOFnifH1kJIHlJIoo%JIGp%vzGpzz1sHAgtQBuuTDuu1Guu9IAt%9Iov4HRv6G2w9FfwODfw^fD4kEB4kGA7lJzamyz1o%yG1oyG6mHF5lRE4kfD4k" /><g i="4" c="388" charCode="115" p="#^NGmsNGduoFev$DfwuBfwPyfwkxpv%kxwtiy0uoziuvAAuxBAu6DAuZD4uQEztQExsQELr8EbrtDDqvBTpEzapRyFo3y8oGxunixQmixVlixgkDykjYznigCnirEnivGfj%NFVkMD4k7C4kHA4kYzxkdz_kdzMldzjmuzHmMz3nnApn_ALnJCoo6FgpXF8qNG0rNGms" /><g i="5" c="389" charCode="78" p="%^oM$v0K$vgA1haA1h#nAFjnASlnA$vsy$vsy9eOA9ewK4tDK4t#BKKsvKYq#qKapsKoosK9eoM9e" /><g i="6" c="390" charCode="111" p="#^HJipHJAs1IquoGfwuDfwIBfwjApvWyzu9y_spxprpxippx1m1zckGAniADnioGni1IfkHJ6mHJip^vzipvzSrwActyByuyDyuxFyuzGdtBHTrBHipBHLmzGqlxF5kwD5kxB5kwAplvzImvzip" /></glyphs></font><font id="20" name="Times New Roman Charset1_ 6fBFKFenACd"><glyphs><g i="0" c="888" charCode="72" p="#^8B7n%QI7n%QIoiQI7hGIJgyIqg9IcgDHVf2HVf%sGVf%sGsf%yNsf%yNVf%YMVfnMVfRLbgsLngjLNgaLahaLoi%aL3taLkukLKusL1vQLfvnMyvYMyv%yNyv%yN$v%sG$v%sGyv%2Hyv3IyvwIYuQIzuQI3t%QI1o%8B1o%8B3t8BkuiBKuqB1vPBfvkCyvWCyv%wDyv%wD$v%qw$v%qwyv%0xyv1yyvvyYuOyzuOy3t%OyoiOy7hEyJgwyqg8ycgBxVf0xVf%qwVf%qwsf%wDsf%wDVf%WCVfkCVfPBbgrBnghBNg8Bah8Boi" /><g i="1" c="889" charCode="432" p="#^IHIm3IxmWHjmWHimFH6moHWlhHJl1Hjl8HWkeHxkFHik5I2kAIbk6JlkmJUkCJqlpJ3m9JNmnI5nJHmnBGnn%BGCrBGptGG_tLGou_GAuaHLusHLuQHLuiIyu%tI_u%6Flw%zElw%zEZtcDsvnCXvGBlwMAlwOylwbypuWxytWx_r%Wx_mWxKlfxolVwel1wfl%1wPk%YzPk%YzisYzRuOBRukCRu_CwuFDbuzEft%zEVmzEXlcEClRDhlLCfl%LCPk%BGPk%BGVmZGTmIHIm" /><g i="2" c="895" charCode="7899" p="#^TBhleAhlwz0n6z_n6zvp6z$r4AJt5BuvECuvnFuvnF8rnFao5EsmcDhlTBhl^vHImSHxmJHjmvHbm4HJlQGjlXGWk1HxksHikUH2knIbkVImk9JUkpJqlcJ3mYINmaI6nNHgnYGmnEHEoEHbqEHLrWGet9GOuXEzvGDlw7ClwBzlw6ykuRwDsRwwqRwYoCxrnoyWlDzclSAukfCukNEukkGpmwGFmGGVmWGTmvHIm^tF1f%TBfj%sBfj%KC1f" /><g i="3" c="896" charCode="110" p="#^3ARm0CukODukJEuknFYk1GplqGsmHGbnHGIo%HGttHGxuSGVu_GdvhHovBHzvoIzv%oI$v%RC$v%RCzv%4DzvSDzvaEkvuE4vCEDuFEruFEtt%FEUoFEmngEGmTD_lXC_lvB_l3AAn%3Att3ACucATumAevFApvZAzvTBzv%TB$v%kw$v%kwzv%AwzvrxzvKx7v1yHu1ytt%1yjp1yinXxSmRxqmFxgmtx5m9x5mPw5mlwhm%9wRl%xzuk%3Auk" /><g i="4" c="897" charCode="103" p="#^MzVrKyprbywqExCpExxoExTmUyHl8Auk6CukIDukTEgl%fHglNHglSHilYHkl_Hpl3Iwl3INl3I6m$HdmZHhmTHkmNHmmfHmm%NFmmtGentGCotGaqgFhr4Eos3CoseBosmA8sQzCsEzYsszitszytszLtFzYtSz9urAeuNAhu9CkuGEouqFvuyGFudHlvVH1wVH1xVHpyCGCzIEoBEBoBhzoBFxkAKwJzKw3zKwMyTwty4x1yJxdxPx6xZyVvlywv4ydvPxWuPxyuPx6u9yxtwyYsMzVr^UB4l_A4lnAOlMzwmMz$nMzWpBA_qeBNrcCNr7DNrJD5rkEoqkEVokEZmuDTlSC4lUB4l^Ez$v3zDwMy9xuyHxuy8yuyJybz9zqAVzJCVzWEVzZF7z0Hmy0Hvx0HSwoGBwLFkwTDhw7BcwEz$v" /><g i="5" c="898" charCode="32" p="#" /><g i="6" c="899" charCode="100" p="#^GEKuSDBv4DZviClwoBlwzzlwbyPuQwhtQwTqQwtolyumSzukeCukIDukGEql%GEljGErhAE$guEzghEpg5EfgODfguDfgYCrg%OC$f%8GEe%HGEe%HGBrHGytNG_tTGpu4HAuhHLuyHLuTHLuqIyu%zI_u%eFlw%GElw^GETt%GE8oBEindEDmSDXlfDBlFCel5Cel0BelaAcm3ztn3zVp3zns7AHtcB$uxC$uED$uGETt" /><g i="7" c="907" charCode="7851" p="#^5DounBJvXAWvhAewxzewnyewDxrvTwEuTwltTwxsexWrKx5rZymqdADp5DAo%5D8o5DtmzCSl1Cel1BelgAelPzEllz3mlzBm%nzinnzSn4zaoOytokytoTxtoAx9oixQnixhnixemmymlrzukoBukTCukQD_kyEmlUEam6FIm6Fko%6F7s6FJtaF4ueFrunFzuwFHuIFHuUFHu2GBuiGru1HIt%1HouFFdwqEdwPDdwsDPv6Dov5Dou^5DBt%5DkpfB3qJAmqLzVqkzvrWy4sWyMsWyFtrzeuZzPuFAPuABPu5DBt^EAcf%UCcf%cFfj%QEfj%uBEg%Hyfj%kyfj^_xOd%BxOdGxEaUzEaoAEaOAOa1BUamCGbuDkcSDkcKEkc0FEa%oFEaqFHccEtdEDRd4DRd6CRdHATcBz7c7z7cDy7ckyzcbyMc_xOd" /><g i="8" c="909" charCode="104" p="#^3AEe%3AQmqBklcCVk$CukODukLEukqF0l6GxlrGFmGGrnGGwp%GGttGGxuRGWuZGdvfHovyHzvkIzv%kI$v%QC$v%QCzv%4DzvTDzvaEkvuE4vCEDuEEquEEtt%EEwpEEHnsE7ngEymRDgmrDZlRCZlfCZlCBimZACm3Azn%3Att3ADubAVujAbvFAnv0BzvTBzv%TB$v%kw$v%kwzv3xzvvxkvKxcvTxSu1ywu1ytt%1ylj1yrhXx$gRxzgFxpgtxfg9xfgVwfgkwrg%9w$f%vzEe" /><g i="9" c="930" charCode="97" p="#^5DounBJvXAWvhAewxzewnyewDxrvTwEuTwltTwxsexWrKx5rZymqdADp5DAo%5D8o5DtmzCSl1Cel1BelgAelPzEllz3mlzBm%nzinnzSn4zaoOytokytoTxtoAx9oixQnixhnixemmymlrzukoBukTCukQD_kyEmlUEam6FIm6Fko%6F7s6FJtaF4ueFrunFzuwFHuIFHuUFHu2GBuiGru1HIt%1HouFFdwqEdwPDdwsDPv6Dov5Dou^5DBt%5DkpfB3qJAmqLzVqkzvrWy4sWyMsWyFtrzeuZzPuFAPuABPu5DBt" /><g i="10" c="1320" charCode="84" p="#^tKsf%EKkj%aKkj2KiiPJShrJ9hOIQgaIug9Hug%QEug%QE7tQEFu9F1vDFyvAGyv%9Hyv%9H$v%8A$v%8Ayv%JAyvNByvdCVuuCwuuC7t%uCug%vAuglzugRyFgdyUgMxyhjxciexkj%Mwkj%Zwsf" /><g i="11" c="1321" charCode="7841" p="#^5DounBJvXAWvhAewxzewnyewDxrvTwEuTwltTwxsexWrKx5rZymqdADp5DAo%5D8o5DtmzCSl1Cel1BelgAelPzEllz3mlzBm%nzinnzSn4zaoOytokytoTxtoAx9oixQnixhnixemmymlrzukoBukTCukQD_kyEmlUEam6FIm6Fko%6F7s6FJtaF4ueFrunFzuwFHuIFHuUFHu2GBuiGru1HIt%1HouFFdwqEdwPDdwsDPv6Dov5Dou^5DBt%5DkpfB3qJAmqLzVqkzvrWy4sWyMsWyFtrzeuZzPuFAPuABPu5DBt^RAtxqBtxPBSxcCgycCPycCnzOBMzpBaARAaAiAaAUzMzvznzvzPyvzfyUzSxiAtxRAtx" /><g i="12" c="1322" charCode="111" p="#^fCukOEukkGpmEH3oEHcqEHIrWGftcGNuXEzvGDlw7ClwBzlw6ykuRwDsRwwqRw_oCxtnnyXlCzdlSAukfCuk^TBhldBhlzAGlWz2mwz0n6z_n6zvp6zXr4AJt3BuvECuvQDuvBEwunFxtnF8rnFao5EsmdDhlTBhl" /><g i="13" c="1323" charCode="109" p="#^7ATmlBFlzBtl6C$kKCLknDuk$Duk2FukOF6lzGJlPGTm3IplWIYkOJukJKukCLukiMYk_MploNrmFN8nFNFo%FNttFNwuPNVuXNbvgOnvBOzvlPzv%lP$v%PJ$v%PJzv%2KzvMKzvaLhvsL4vALFuDLsuDLtt%DLGoDLjniLLmQKZlNJZl7JZltIimQHCmVGvn%TGDn%VG9o%VGttVGDu1HVu9HbvwHnvTHzvJIzv%JI$v%3D$v%3Dzv_DzvkElvHE7vPEHuTEtuTEtt%TEGoTEjntEImXDVl_CVlkCVlHBgmGAPm7Avn%7Att7AAugAVuqAevJApv1BzvXBzv%XB$v%ow$v%owzv9xzvtxpvNxevXxTu5ywu5ytt%5ybp5yln_xPmVxpmJxfmxx5mdx5mTw5mpwhm%dwRl%Bzuk%7Auk" /><g i="14" c="1324" charCode="7897" p="#^fCukOEukkGpmEH3oEHcqEHIrWGftcGNuXEzvGDlw7ClwBzlw6ykuRwDsRwwqRw_oCxtnnyXlCzdlSAukfCuk^TBhldBhlzAGlWz2mwz0n6z_n6zvp6zXr4AJt3BuvECuvQDuvBEwunFxtnF8rnFao5EsmdDhlTBhl^gBcf%wDcf%QFfj%sFfj%6CEg%jzfj%Yyfj^9CtxKCtx7DSxwDgywDPywDnz6DMzJCaA9CaACBaAcBMzPAnzPAPyPAfycBSxCBtx9Ctx" /><g i="15" c="1325" charCode="116" p="#^2A8h%2APk%FCPk%FCGl%2AGl%2AWs2A0umAouGAMu9BMuzBMuXBwukCguxCNt%$CNtAC_uNBBv$AbwaAbwCzbw3zTvxyzvgy_u0ypu0ybt%0yGl%fwGl%fwglWw$kDxmkkyJjTyRiazniGz8h" /><g i="16" c="1326" charCode="98" p="#^SzMmuBukmDuk3FuklGYlDHqnDH_pDHYsFFNuYDlwSBlwUAlwTz$vTyEvQxWu%QxljQxrhKx$gExzgrxpgfxfgZwfgDwfg6wrg%Xv$f%jzEe%SzEe^Szxn%SzduuAQu8B8vPBsvvCsvCDsvzEeuwF0twFHqwFxozEonCDemoCemLBem5BzmCAPmSzxn" /><g i="17" c="1327" charCode="105" p="#^DzEe8AEevA$eSAmfSATfSAogvAMg8A7hDz7h6z7hKyMgnyognyTfnymfKy$e5zEeDzEe^EAuk%EAttEAwuOATuYAdvfBovyBzvlCzv%lC$v%Vw$v%VwzvJxzv$xpvhyfvryUuCywuCytt%Cy9pCyknvyOmqypmeyfm2y5mKx5mox5mVwhm%KwRl%6Auk" /><g i="18" c="1328" charCode="7871" p="#^Fy1pEyxrSzXs4BmuKCmuQDmuEEMtsF9t$FHr%nGXr7GCtUE_uFDlwOBlwNzlwlyNuWwctWwzqWwHnoy5mSzuk4CukYDuk9FJlnGYmnG1p^Fyko%QDkoMDfnADPmgD7mFCKl3CllpBlloAllBz8mOyWmFyko^ZAcf%dDcf%xFfj%9Ffj%PBEg%0zfj%Fyfj^lBPd%WAPd%dCK9%XEK9" /><g i="19" c="1367" charCode="234" p="#^Fy1pEyxrSzXs4BmuKCmuQDmuEEMtsF9t$FHr%nGXr7GCtUE_uFDlwOBlwNzlwlyNuWwctWwzqWwHnoy5mSzuk4CukYDuk9FJlnGYmnG1p^Fyko%QDkoMDfnADPmgD7mFCKl3CllpBlloAllBz8mOyWmFyko^ZAcf%dDcf%xFfj%9Ffj%PBEg%0zfj%Fyfj" /><g i="20" c="1368" charCode="8220" p="#^_z4f%_zAfVy8gryLgZxmhZx4iZxwi5yGicyRimyRiwyRiNyLi3zFihzFiNzFi9A1jxApjxAXjxAwk4AXkDzmlYyml8ymltxFkPwXjPwViPwHhDxEgryAf_z4f^PF6f%PFAfAEhgbERgODphODaiODviXDGi3ERidERilERiCELiTEFi9FFiEFFi0G0joGnjoGUjoGukWFWksFmlMEmlZDmljDGkGCZjGCXiGCFhuDCgjEyfPF6f" /><g i="21" c="1376" charCode="118" p="#^ewPk%uBPk%uBfl%8BflFAflpAulaAJlaA6maAxmqA7n%1Dit%DFUmVFcmVFRlVFGlPFzlGFoltFklgFflDEfl%DEPk%hIPk%hIflEHilpHwlZGTlDGLm%HClw%aClw%byVmWxemGxYlrxFl3xslRwllewfl" /><g i="22" c="1416" charCode="95" p="%^JIoBOvoBOvmAJImA" /><g i="23" c="1419" charCode="114" p="#^3Auk%3A$mtBukXCukCDuk2EUkuEiluERluEjm9EEmRDZmpDZm_CZmsCymWB7mGB7msB7mcBnmEATm3A0o%3Aot3AjuiAOusA7vSAlvgBzv0Czv%0C$v%gw$v%gwzv7xzvyxivRx5vZxFu1ysu1ytt%1y8p1ybnYxPmTxrmFxgmsx5m7x5mLw5mhwhm%9wRl%yzuk" /><g i="24" c="1420" charCode="117" p="#^BGPk%BGCrBGytHG_tNGpuZGAuaHLusHLuQHLuiIyu%tI_u%7Flw%AElw%AEZt8DxvnCXvDBlwNAlwRzlw8zOvsyfvbypuWxytWx_r%Wx_mWxbmLxTlAxzlexplVwel1wfl%1wPk%YzPk%YzisYzStvAmu2BRuPBRukCRu_CwuFDbuAEft%AEVmAEYldEDlTDhlMCfl%MCPk" /><g i="25" c="1424" charCode="8221" p="#^pxml%pxRkEy9k0zBjpz0jpzgipzWhhzMh9zBh_yBhTyBhByHhkyNh3yNhyxNhaxqhPw2hPwxgPwYfhxwfLx4fqy4fdz4fTzNfxAtgxAxhxAOiIzSjUyWkpxml^dDml%dDRkiEikMEHjeF3jeFlieFWh6FLh_EBhREBhHEBhpEHh7ENhWDNhqDNh2DphGC1hGCwgGCWf7DvfAD4feE4f3F4fJFOfoGvgoGxhoGLiAFPjMESkdDml" /><g i="26" c="1480" charCode="67" p="#^3L4f%rLIk%3LIkjKaiVI3hvHXfyFXfUDXfzCNgeBChtArjJzglJz$nJzfqrAUr9BxtBCqu2EivUFivvHivJICuYJWtrLSr%PL6szKkuVImvfHnwZEnwSAnwCyktWw3rWw_nWwvl1yrj8zmh4Bdg1D4flF4f8H4fUIYfoJdgCJdgXJdgbK_fvKFfEK4f" /><g i="27" c="1481" charCode="108" p="#^EAEe%EAttEAwuOASuYAcvgBovABzvsCzv%sC$v%Yw$v%YwzvJxzv$xpviyfvsyUuCywuCytt%CyjjCyqhwy$gryzgfypg3yfgMxfgsxfgYwrg%Lw$f%5AEe" /><g i="28" c="1482" charCode="99" p="#^iGLrRFZtwE9vcDlwCBlwIzlwhyLuTw8tTwqqTwNnry8m0AukdCukSDukWEml_Fem_Fan_FDnHFWnoFcoREco7EcoMDKnzDunuDMmqD2m$CFlzCilPBilBAilRzcmSypnSympSynrRzVsQAruuCruHDruEEDtiF3tXFAr" /><g i="29" c="1483" charCode="107" p="#^5AEe%5AMp%XCanRDlm_D7m4EZl4EQl4EAlTDplGDeldDcl%dDPk%3IPk%3Icl3HelpGwlLFOlYEwm%4C9p%YEOs9GhuyGIu8HgvAHrvTHzvEIzv%EI$v%dD$v%dDzvGDyvQDqv$Div$D3v$DNuwD9u%5ANp%5Att5AzufAVupAfvHApvZAyvVBzv%VB$v%cw$v%cwzv3xzvuxmvLxdvTxXu3yxu3yyt%3ylj3yqhZx$gUxzgHxpgvxegbxegWwegpwrg%cw$f%xzEe" /><g i="30" c="1484" charCode="101" p="#^Fy1pEyxrSzXs4BmuKCmuQDmuEEMtsF9t$FHr%nGXr7GCtUE_uFDlwOBlwNzlwlyNuWwctWwzqWwHnoy5mSzuk4CukYDuk9FJlnGYmnG1p^Fyko%QDkoMDfnADPmgD7mFCKl3CllpBlloAllBz8mOyWmFyko" /><g i="31" c="1485" charCode="76" p="#^kKqr%KKvr%jJ$v%vw$v%vwyv%7xyvayyvDySuTytuTy3t%TyoiTyRgxyrg3yVf7xVf%vwVf%vwsf%_Dsf%_DVfGCUf8C9gCBpgpBOgdBbhdBFi%dB3tdB4upBsuzBIuSBQuaCYuMDYu%_EYuUGYuFHGuqIou2JHtHJZskKqr" /><g i="32" c="1486" charCode="7853" p="#^5DounBJvXAWvhAewxzewnyewDxrvTwEuTwltTwxsexWrKx5rZymqdADp5DAo%5D8o5DtmzCSl1Cel1BelgAelPzEllz3mlzBm%nzinnzSn4zaoOytokytoTxtoAx9oixQnixhnixemmymlrzukoBukTCukQD_kyEmlUEam6FIm6Fko%6F7s6FJtaF4ueFrunFzuwFHuIFHuUFHu2GBuiGru1HIt%1HouFFdwqEdwPDdwsDPv6Dov5Dou^5DBt%5DkpfB3qJAmqLzVqkzvrWy4sWyMsWyFtrzeuZzPuFAPuABPu5DBt^EAcf%UCcf%cFfj%QEfj%uBEg%Hyfj%kyfj^RAtxqBtxPBSxcCgycCPycCnzOBMzpBaARAaAiAaAUzMzvznzvzPyvzfyUzSxiAtxRAtx" /><g i="33" c="1487" charCode="112" p="#^_vWl%qzxk%Uzxk%Uz8nLAGlDB4lvCuktDuk9FukhGOlFHqnFH$pFHVs$FOuDElwyClwFBlw_A5wvAVvUzmv%UzLyUzVz1AdAaAxAwAJASAVANBVA%NBlB%WvlB%WvVA%dwVAUwWAnxFACxwAKxcASxVzSxHy%Sx6oSx0nMxKmGxrmsximex8mTw8mAw8m7wjm^UzSn%Uz2sUzot$zQtaAxuQA4vvBCvwCCvKDCvvEFuuFptuF9ruFAomEcnADfmvCfmWBfmlBymVAMmUzSn" /><g i="34" c="1515" charCode="236" p="#^EAuk%EAttEAwuOATuYAdvfBovyBzvlCzv%lC$v%Vw$v%VwzvJxzv$xpvhyfvryUuCywuCytt%Cy9pCyknvyOmqypmeyfm2y5mKx5mox5mVwhm%KwRl%6Auk^Rw1f%zz1f%SAfj%rAfj" /><g i="35" c="1516" charCode="273" p="#^iEZi%LAZi%LAZh%hEZheEOg1ExgQDfgqDfg6DfgACrg%qC$f%NFEe%kGEe%kGZh%cIZh%cIZi%kGZi%kGBrkGytqG_twGpuJGAuWGLubHLuwHLu3Iyu%cI_u%SElw%iElw%iEKuuDBvICZvWBlw0BlwczlwQxPutwhttwTqtwtoZxumuzukSBukkDukiEql^iETt%iE8odEinSDDmvDXlUCBliCelJBelFAelPzcmIytnIyVpIynsMzHtRA$u9C$ugD$uiETt" /><g i="36" c="1517" charCode="7873" p="#^Fy1pEyxrSzXs4BmuKCmuQDmuEEMtsF9t$FHr%nGXr7GCtUE_uFDlwOBlwNzlwlyNuWwctWwzqWwHnoy5mSzuk4CukYDuk9FJlnGYmnG1p^Fyko%QDkoMDfnADPmgD7mFCKl3CllpBlloAllBz8mOyWmFyko^ZAcf%dDcf%xFfj%9Ffj%PBEg%0zfj%Fyfj^azK9%UBK9%bDPd%MCPd" /><g i="37" c="1518" charCode="7879" p="#^Fy1pEyxrSzXs4BmuKCmuQDmuEEMtsF9t$FHr%nGXr7GCtUE_uFDlwOBlwNzlwlyNuWwctWwzqWwHnoy5mSzuk4CukYDuk9FJlnGYmnG1p^Fyko%QDkoMDfnADPmgD7mFCKl3CllpBlloAllBz8mOyWmFyko^ZAcf%dDcf%xFfj%9Ffj%PBEg%0zfj%Fyfj^JBtxhCtxGCSx3Dgy3DPy3DnzFCMzgCaAJBaA9BaALAMzmAnzmAPymAfyLASx9BtxJBtx" /><g i="38" c="1519" charCode="7883" p="#^DzEe8AEevA$eSAmfSATfSAogvAMg8A7hDz7h6z7hKyMgnyognyTfnymfKy$e5zEeDzEe^EAuk%EAttEAwuOATuYAdvfBovyBzvlCzv%lC$v%Vw$v%VwzvJxzv$xpvhyfvryUuCywuCytt%Cy9pCyknvyOmqypmeyfm2y5mKx5mox5mVwhm%KwRl%6Auk^DztxcAtxBASx_Agy_APy_AnzAAMzbAaADzaA4zaAGyMzhynzhyPyhyfyGySx4ztxDztx" /><g i="39" c="1525" charCode="237" p="#^EAuk%EAttEAwuOATuYAdvfBovyBzvlCzv%lC$v%Vw$v%VwzvJxzv$xpvhyfvryUuCywuCytt%Cy9pCyknvyOmqypmeyfm2y5mKx5mox5mVwhm%KwRl%6Auk^uC1f%Uyfj%tyfj%Lz1f" /><g i="40" c="1526" charCode="7915" p="#^IHIm3IxmWHjmWHimFH6moHWlhHJl1Hjl8HWkeHxkFHik5I2kAIbk6JlkmJUkCJqlpJ3m9JNmnI5nJHmnBGnn%BGCrBGptGG_tLGou_GAuaHLusHLuQHLuiIyu%tI_u%6Flw%zElw%zEZtcDsvnCXvGBlwMAlwOylwbypuWxytWx_r%Wx_mWxKlfxolVwel1wfl%1wPk%YzPk%YzisYzRuOBRukCRu_CwuFDbuzEft%zEVmzEXlcEClRDhlLCfl%LCPk%BGPk%BGVmZGTmIHIm^pz1f%7C1f%qDfj%$Cfj" /><g i="41" c="1527" charCode="272" p="#^rw$v%rwyv%3xyv6yyvzySuPytuPy3t%PyJn%qwJn%qwPm%PyPm%PyoiPyRgtyrg$xVf3xVf%rwVf%rwsf%aDsf$GsfRIkgHKchTL7j4N2l4NCn4N7rRKztCI$vPD$v^9BOuIC8vLD8vAG8vrI9tjK9rjKLnjKjkrIliAGmgFDmgzCmg9BJg%9BPm%YFPm%YFJn%9BJn" /><g i="42" c="1528" charCode="7863" p="#^5DounBJvXAWvhAewxzewnyewDxrvTwEuTwltTwxsexWrKx5rZymqdADp5DAo%5D8o5DtmzCSl1Cel1BelgAelPzEllz3mlzBm%nzinnzSn4zaoOytokytoTxtoAx9oixQnixhnixemmymlrzukoBukTCukQD_kyEmlUEam6FIm6Fko%6F7s6FJtaF4ueFrunFzuwFHuIFHuUFHu2GBuiGru1HIt%1HouFFdwqEdwPDdwsDPv6Dov5Dou^5DBt%5DkpfB3qJAmqLzVqkzvrWy4sWyMsWyFtrzeuZzPuFAPuABPu5DBt^IxQf%4yQfuyAg$yTgUzphdBphyCphqDUg1ExghEQf%HEQfAElhzDiizCfjbBfjRzfjRyjiRxmhIxQf^RAtxqBtxPBSxcCgycCPycCnzOBMzpBaARAaAiAaAUzMzvznzvzPyvzfyUzSxiAtxRAtx" /><g i="43" c="1529" charCode="7911" p="#^BGPk%BGCrBGytHG_tNGpuZGAuaHLusHLuQHLuiIyu%tI_u%7Flw%AElw%AEZt8DxvnCXvDBlwNAlwRzlw8zOvsyfvbypuWxytWx_r%Wx_mWxbmLxTlAxzlexplVwel1wfl%1wPk%YzPk%YzisYzStvAmu2BRuPBRukCRu_CwuFDbuAEft%AEVmAEYldEDlTDhlMCfl%MCPk^dDLhBClisCAikCPiiCfj%TBfjWBqiuCwhTCTgTCugTCAfZBAfzBAflBNfgBSfgBYfgB1goBfgxBtgxBAgxB0h4B0htA0htAkgtAQfYAvfrB9faC9f7D9fADDfXD$fXDrgXD2hdDLh" /><g i="44" c="1530" charCode="7909" p="#^BGPk%BGCrBGytHG_tNGpuZGAuaHLusHLuQHLuiIyu%tI_u%7Flw%AElw%AEZt8DxvnCXvDBlwNAlwRzlw8zOvsyfvbypuWxytWx_r%Wx_mWxbmLxTlAxzlexplVwel1wfl%1wPk%YzPk%YzisYzStvAmu2BRuPBRukCRu_CwuFDbuAEft%AEVmAEYldEDlTDhlMCfl%MCPk^zBtx7CtxwCSxVCgyVCPyVCnzvCMz6CaAzBaA$AaABAMzcAnzcAPycAfyBASx$AtxzBtx" /><g i="45" c="1531" charCode="224" p="#^5DounBJvXAWvhAewxzewnyewDxrvTwEuTwltTwxsexWrKx5rZymqdADp5DAo%5D8o5DtmzCSl1Cel1BelgAelPzEllz3mlzBm%nzinnzSn4zaoOytokytoTxtoAx9oixQnixhnixemmymlrzukoBukTCukQD_kyEmlUEam6FIm6Fko%6F7s6FJtaF4ueFrunFzuwFHuIFHuUFHu2GBuiGru1HIt%1HouFFdwqEdwPDdwsDPv6Dov5Dou^5DBt%5DkpfB3qJAmqLzVqkzvrWy4sWyMsWyFtrzeuZzPuFAPuABPu5DBt^Xy1f%FB1f%YCfj%xCfj" /><g i="46" c="1532" charCode="242" p="#^fCukOEukkGpmEH3oEHcqEHIrWGftcGNuXEzvGDlw7ClwBzlw6ykuRwDsRwwqRw_oCxtnnyXlCzdlSAukfCuk^TBhldBhlzAGlWz2mwz0n6z_n6zvp6zXr4AJt3BuvECuvQDuvBEwunFxtnF8rnFao5EsmdDhlTBhl^lz1f%3C1f%mDfj%XCfj" /><g i="47" c="1533" charCode="69" p="#^dBmg%dBTm%SETmgGTmLGsmnHUlsHtk%VHtk%VHfq%sHfqhH2p6HIoUGgooG1oUFNnSENn%dBNn%dBetdBlujBAupBPuFBYuVB5vBC5v%oF5vOG5vqHVu3IIuFI7upJntcKRr%HKRr%gJ$v%vw$v%vwyv%5xyvGxyvcygvBy3vKyGuTyhuTy3t%TykiTyMgzyog6yVf5xVf%vwVf%vwsf%gJsf%rJ5j%ZI5jJINhpIih5IOguHyg_GmgMFmg" /><g i="48" c="1534" charCode="33" p="#^pACr%XzCr%TyKhOy5hOyMgOy$fczyfCz4fbA4fMA4f9ByfzB$fzBWgzBdhwBKh^bAEtKAEt7B2uxBruxB_uxByv7BYvKAlwbAlwDzlwdzYvQyyvQy_uQyrudz2uDzEtbAEt" /></glyphs></font><font id="30" name="Times New RomanBold Charset1_ 5urQWOjqOU8"><glyphs><g i="0" c="888" charCode="88" p="#^BGhm%9L3tiMLuNM6vgNtvWNyv%WN$v%QF$v%QFyvOGtv4HfvmH1vmHJumHvuhHku6HZtqGZs%$Dqp%tBtslATtlAnulAKuDA2vWAlvvBtvLByvyCyv%yC$v%bw$v%bwyvhxovUxZuJypubADs%uDEo%fzridyVg3yKgKxkgqx9g6x_fywVf%ywsf%MEsf%MEVf%lEVfEDVfmD8g4Dmg4DIg4DZg9D9h%$Dri%4Gvl%OHqj8JMh8J6h8JNgYIvgMIdgpI3g3IVfjHVf%jHsf%pNsf%pNVfHMWffM5gPLfgjLIg_K$gJJwi" /><g i="1" c="889" charCode="101" p="#^vGUp%fAUpmA9ssBttiCuuuDuucEuuOE4upFGt4GCs%vGTsAFMusEzvkDlwSBlwkzlw0youZwPsZwuqZwDnvyXl2Afk7CfkSDfk7FGlpG5nvGUp^vD4pvD6nhDnm4DElDCglnC2lYB2ljB2lWAGlcALmcAFo%cA4p" /><g i="2" c="895" charCode="109" p="#^ABBk%AB5mwC3ljDFk7Efk4FfkaGfkWGMkGHgl4Ijm2JdlXJKkRKfkPLfk$MfkINOkpOllGObmYO0nYORo%YOwtYORubPavrPuvbQAv%bQ$v%hK$v%hKAv_KwvjL1vxLIuxLwt%xLCoxL4npLGmhLfm0L2mMKRlpKRlUJRllJemPICmgInn%gIwtgILutI4vLIxvyJAv%yJ$v%ED$v%EDAv6EyvnElvFE7vLEQuREwuREwt%RECoRE3nJEGmBEhmjE3m1ERlHDRlcDRlOC5meCtmABnn%ABwtABKuPB7v3CvvPCAv%PC$v%Ww$v%WwAvExvvYx6v9yRu9ywt%9y4n9yNlWxtlHx8lWw2l%WwBk" /><g i="3" c="896" charCode="32" p="#" /><g i="4" c="897" charCode="108" p="#^jBsf%jBDtjBRuBBbvTBxvICAv%IC$v%ww$v%wwAvhxyvEx8vUxRuUxDt%UxQhUxDgCxigkxYfwwVf%wwsf" /><g i="5" c="898" charCode="7841" p="#^8Dju2B9woz9wqy9wMxwv7xTu7xVt7xCsfyzrnzwq8DNo%8DEn8Dlm$C0mSCGltCql4CalBBalOAalhAxlZzLlZz1mZzimjAGmNAcnNAHnNAhokAIoUz7paz7poy7pTxGomxcomxAnmxIm2yVlLy6l_zHkeBfkACfkcEfk8FXk5GDlnGrmyGYmyGNo%yGdtyG$tCGcuGGpuOGvuWGBu4HBuoHBuKH8u%5IruuHlvQGLvaG9wlF9wmE9wPDIvgDev8Dju^8Dqt%8DBpGBtqXAsrtA7stAOstAmtTANtaB6uJB6ukC6u8Dqt^2CfxUCfxuDRx4Ery4Ehz4E7AtDJATCjB2CjBcBjBCAJA0A7A0Ahz0AsyCARxcBfx2Cfx" /><g i="6" c="899" charCode="105" p="#^Bz3foA3fXADfuBaguBYguBKhWAhinAQiBzQiPyQigyhiJxKhJxYgJxaggyDfPy3fBz3f^iBBk%iBDtiBRuABbvSBxvHCAv%HC$v%vw$v%vwAvgxyvDx8vTxRuTxDt%TxZmTxMlBxrljx5lvw2l%vwBk" /></glyphs></font></bwFonts>